game_id,time_elapsed,win_prob_A,win_prob_B,win_prob_neutral
401856577,0,0.6655472581856745,0.6655472581856745,0.5
401856577,1,0.6655472285067874,0.6655472285067874,0.5
401856577,2,0.6655472087199882,0.6655472087199882,0.5
401856577,3,0.665547194586132,0.665547194586132,0.5
401856577,4,0.6655387490214894,0.6655387490214894,0.5
401856577,5,0.6655555555555556,0.6655555555555556,0.5
401856577,6,0.665572362938458,0.665572362938458,0.5
401856577,7,0.6655891711702612,0.6655891711702612,0.5
401856577,8,0.6656059802510291,0.6656059802510291,0.5
401856577,9,0.6656227901808264,0.6656227901808264,0.5
401856577,10,0.6656396009597171,0.6656396009597171,0.5
401856577,11,0.6656564125877659,0.6656564125877659,0.5
401856577,12,0.6656564125877659,0.6656564125877659,0.5
401856577,13,0.6656564125877659,0.6656564125877659,0.5
401856577,14,0.6656311562357933,0.6656311562357933,0.5
401856577,15,0.6656058998838208,0.6656058998838208,0.5
401856577,16,0.6655806435318483,0.6655806435318483,0.5
401856577,17,0.6655553871798757,0.6655553871798757,0.5
401856577,18,0.6655301308279032,0.6655301308279032,0.5
401856577,19,0.6654879773691655,0.6654879773691655,0.5
401856577,20,0.6654458196514271,0.6654458196514271,0.5
401856577,21,0.6543587201938432,0.6780528569936279,0.48815293160010764
401856577,22,0.6542159050216235,0.6780320844437477,0.4880919102889379
401856577,23,0.6541079844555301,0.6780485254130935,0.4880297295212183
401856577,24,0.6539988968560397,0.6780920484575734,0.48795342419923315
401856577,25,0.6538684479284551,0.678085061805992,0.48789169306123154
401856577,26,0.6538174583436956,0.678148264653455,0.4878345968451203
401856577,27,0.6537823031376239,0.6782396472996378,0.487771327918993
401856577,28,0.6537907337619153,0.6783077125213507,0.4877415106202823
401856577,29,0.6538141239173884,0.678455830109734,0.4876791469038272
401856577,30,0.6538215408586294,0.6785799003716296,0.4876208202434999
401856577,31,0.6536948698635869,0.6787062706270627,0.48749429961826213
401856577,32,0.653479197560225,0.6789408248022644,0.4872691863789803
401856577,33,0.6532210526315789,0.6791282214444798,0.48704641559354955
401856577,34,0.65293587287276,0.6792472889644907,0.48684429195413464
401856577,35,0.6513057278891935,0.680600879203862,0.48535242434266573
401856577,36,0.6508580705009277,0.6808994236545174,0.48497932342320516
401856577,37,0.6502242152466368,0.6812491513917176,0.4844875319274596
401856577,38,0.6495946618279728,0.6815343929769078,0.4840301344255325
401856577,39,0.6490923534084557,0.6817559426005039,0.4836682054039759
401856577,40,0.6486806295113005,0.6820421081601762,0.48331926067556213
401856577,41,0.6481944196561366,0.682288496652465,0.48295296150183575
401856577,42,0.6477595857403694,0.6825149534010293,0.48262231616967005
401856577,43,0.6473636637541428,0.6827950971063973,0.48228428332387274
401856577,44,0.6469160523042383,0.6831259501154214,0.48189505109440844
401856577,45,0.6464424281306327,0.6836038179397853,0.4814193050954237
401856577,46,0.6459294812626916,0.6839540649132305,0.4809877081747305
401856577,47,0.6453052370622869,0.684258781731706,0.4805232276652905
401856577,48,0.6444423635171832,0.6847077800501196,0.4798672917335318
401856577,49,0.6435192458758837,0.6853799136757336,0.47906966610007506
401856577,50,0.642502451212955,0.6859740108385293,0.4782642201872129
401856577,51,0.6416608291409285,0.6866756550794302,0.47749258703074915
401856577,52,0.6407782550163472,0.68731754784301,0.4767303535866686
401856577,53,0.6399870905276747,0.6880747552654999,0.4759561676310874
401856577,54,0.6394438488776273,0.6890395007912101,0.4752021740432086
401856577,55,0.6394193042113523,0.6898696148530914,0.47477484467913045
401856577,56,0.6394786215068629,0.6903804889842546,0.4745490662613041
401856577,57,0.6395464491744579,0.6908388823010733,0.4743537834366923
401856577,58,0.6394471523001937,0.6910492033882756,0.47419897445595904
401856577,59,0.6395399670444227,0.6911131611316114,0.4742134029564057
401856577,60,0.6393403765407016,0.6912874103388573,0.47402648310092216
401856577,61,0.6389447493097924,0.6911526983337478,0.4738960254880223
401856577,62,0.6381978519713138,0.6910302120472884,0.4735838199620127
401856577,63,0.6376351141347515,0.6910177756803524,0.47330866922719955
401856577,64,0.6370707316226258,0.6911052748156821,0.4729827284034719
401856577,65,0.636503281664572,0.6911521323997454,0.47267557463241333
401856577,66,0.6359076879910214,0.6911110399795141,0.47239832400575366
401856577,67,0.6356526334331513,0.6910126826755939,0.4723199753787787
401856577,68,0.6354074441335836,0.6910426985206047,0.47218237280648945
401856577,69,0.6352434203497276,0.6912410897373303,0.4720011653061986
401856577,70,0.63495020419861,0.6912121013686071,0.47186905141500146
401856577,71,0.6346860808765228,0.6913828315435799,0.4716516246664714
401856577,72,0.6346418982657281,0.6915150912765464,0.47156340349459086
401856577,73,0.6345598713779369,0.6917463596681217,0.4714067558549076
401856577,74,0.6343654504620596,0.6919518653839708,0.4712067925390444
401856577,75,0.6341282498238326,0.6919161272923409,0.4711060612657459
401856577,76,0.6339159011128538,0.6914890011185303,0.47121344999716175
401856577,77,0.6335814722911497,0.6913016824466998,0.47113989492222497
401856577,78,0.6332008328601174,0.6910260357863766,0.4710873985368704
401856577,79,0.632509237743324,0.6909772367787635,0.47076600048228023
401856577,80,0.6319138334163824,0.6909838614922073,0.4704649859620876
401856577,81,0.6315545959284392,0.6908895215610027,0.47033253718371826
401856577,82,0.6308761305849928,0.6910821363826524,0.4698969971011702
401856577,83,0.6301187871209754,0.6917798627643187,0.46916946217832833
401856577,84,0.6293863099921322,0.6924645732972327,0.46846086834744977
401856577,85,0.62872521470693,0.6931609439027837,0.46778213540207314
401856577,86,0.6280652866242038,0.6938275984391629,0.46711884409252047
401856577,87,0.6274980976410749,0.6944919481259798,0.46650307475754754
401856577,88,0.626611863313991,0.6952755905511812,0.4656681363814049
401856577,89,0.6624733271760247,0.6624733271760247,0.5
401856577,90,0.6623913810241446,0.6623913810241446,0.5
401856577,91,0.6622877800012911,0.6622877800012911,0.5
401856577,92,0.6622916734349111,0.6622916734349111,0.5
401856577,93,0.6622854340362923,0.6622854340362923,0.5
401856577,94,0.6622048279944748,0.6622048279944748,0.5
401856577,95,0.6621116368328757,0.6621116368328757,0.5
401856577,96,0.6621747521128635,0.6621747521128635,0.5
401856577,97,0.6618271836215837,0.6618271836215837,0.5
401856577,98,0.6615653694796677,0.6615653694796677,0.5
401856577,99,0.6612881401799607,0.6612881401799607,0.5
401856577,100,0.6610423186828139,0.6610423186828139,0.5
401856577,101,0.6608517188301694,0.6608517188301694,0.5
401856577,102,0.6606123151014792,0.6606123151014792,0.5
401856577,103,0.6604863537306721,0.6604863537306721,0.5
401856577,104,0.6606130188219741,0.6606130188219741,0.5
401856577,105,0.6605087295755921,0.6605087295755921,0.5
401856577,106,0.6604423814045082,0.6604423814045082,0.5
401856577,107,0.6603139806237183,0.6603139806237183,0.5
401856577,108,0.6601969357648146,0.6601969357648146,0.5
401856577,109,0.6600121424234848,0.6600121424234848,0.5
401856577,110,0.7080627277047362,0.6148915187376726,0.5465856044835318
401856577,111,0.7085371187721182,0.6139023951017468,0.5473173618351856
401856577,112,0.7088107309673041,0.6131264700560883,0.5478421304556078
401856577,113,0.7089211285668483,0.6124682164911006,0.5482264560378738
401856577,114,0.7086820083682008,0.6124281936719249,0.548126907348138
401856577,115,0.7085031680051657,0.6124839831594362,0.5480095924228647
401856577,116,0.7081545064377682,0.6125683311130506,0.5477930876623588
401856577,117,0.7080286039330408,0.612588121457863,0.5477202412375889
401856577,118,0.7080446654169044,0.6126317736267801,0.5477064458950621
401856577,119,0.708185053380783,0.612750556792873,0.547717248293955
401856577,120,0.708577998603868,0.6128791761800475,0.5478494112119103
401856577,121,0.709552460232424,0.6122343910886455,0.5486590345718892
401856577,122,0.7102510027705413,0.6114742534681401,0.5493883746512006
401856577,123,0.7110502737680438,0.6105496788817529,0.5502502974431454
401856577,124,0.7115688722430296,0.6098695136417557,0.550849679300637
401856577,125,0.7120003341547972,0.6095514989752633,0.5512244175897669
401856577,126,0.7124371859296482,0.6090722044116943,0.551682490758977
401856577,127,0.7125404089172509,0.6084262106072252,0.5520570991550129
401856577,128,0.7126015746705402,0.6077873202740519,0.5524071271982441
401856577,129,0.7125105663567202,0.6076703307345891,0.5524201178110655
401856577,130,0.712407211028632,0.6076183072587698,0.5523944518849311
401856577,131,0.7127347043045089,0.6072420683269165,0.5527463179887961
401856577,132,0.7127605056371712,0.6069245439874811,0.552917980824845
401856577,133,0.7126747277248949,0.6068661108386464,0.5529043084431242
401856577,134,0.7126693912669392,0.6067493112947658,0.5529600399860867
401856577,135,0.7128499331406635,0.6066495659037096,0.553100183618477
401856577,136,0.7131487889273357,0.6058881741712023,0.5536303073780666
401856577,137,0.713343744577477,0.6053898456499082,0.5539769494637844
401856577,138,0.7132109932162115,0.6049382716049383,0.5541363608056367
401856577,139,0.7134196868594357,0.6041302938095475,0.5546446965249441
401856577,140,0.713698570241791,0.60320080020005,0.5552488850208706
401856577,141,0.7139976327210557,0.602325697960002,0.5558359673805269
401856577,142,0.7139526700096771,0.6016178465557956,0.5561674117269407
401856577,143,0.7139705233430412,0.6011490777139401,0.5564107228145505
401856577,144,0.7141022802745185,0.6004955251049199,0.5568033775847994
401856577,145,0.7140699946704565,0.6000609508329947,0.557004521918731
401856577,146,0.7138783693472934,0.599989794356279,0.5569442874955073
401856577,147,0.7139283480746895,0.5996309017275849,0.5571487231735524
401856577,148,0.7140489203476391,0.5994228886484259,0.5573130158496067
401856577,149,0.714343452487875,0.5996375873673311,0.557352932560272
401856577,150,0.7146327200755701,0.5996360800623862,0.5574983200065919
401856577,151,0.7149616944569626,0.5996344647519583,0.5576636148525022
401856577,152,0.7153766210293254,0.5993816485877482,0.5579974862207886
401856577,153,0.715845261822794,0.5987375065754866,0.5585538776236536
401856577,154,0.7160959215187573,0.5982369087837838,0.5589295063674868
401856577,155,0.716426749271137,0.597575180008471,0.5594257846313331
401856577,156,0.7164281468611403,0.5967091295116773,0.5598595086747316
401856577,157,0.7163322466596262,0.5961149547631719,0.5601086459482272
401856577,158,0.7160835292490665,0.5957877899226873,0.5601478696631896
401856577,159,0.7156336725254394,0.5958117420802393,0.5599109652226
401856577,160,0.7151807676242632,0.5959963603275705,0.5595922036483463
401856577,161,0.7149047197502679,0.596137339055794,0.5593836903472369
401856577,162,0.7821658327376698,0.5208655332302936,0.630650149753688
401856577,163,0.7826747720364742,0.5209696036937284,0.6308525841713729
401856577,164,0.7830678360479685,0.5212779552715655,0.6308949403882015
401856577,165,0.783278130874586,0.5215286624203822,0.6308747342271019
401856577,166,0.7828576541111211,0.521959888296522,0.6304488829072996
401856577,167,0.7828494863778472,0.5215850107608558,0.6306322378084956
401856577,168,0.782728812048837,0.5202122283981809,0.631258291825328
401856577,169,0.7824267782426778,0.5186304128902316,0.6318981826762231
401856577,170,0.7818133380694432,0.516614420062696,0.6325994590033737
401856577,171,0.7809759985829422,0.513854218671992,0.6335608899554751
401856577,172,0.7795637198622273,0.511318407960199,0.6341226559510141
401856577,173,0.7785016286644951,0.5092397370705692,0.634630945796963
401856577,174,0.7775142731664471,0.507979710503526,0.6347672813314605
401856577,175,0.7769210549373522,0.5074019245003701,0.634759565218491
401856577,176,0.7764490223463687,0.50688637481554355,0.6347813237654125
401856577,177,0.7537725187794988,0.533941764450239,0.60991537716463
401856577,178,0.7536955653216141,0.5344228094575799,0.6096363779320171
401856577,179,0.7536676447052547,0.5345606113233762,0.6095535166909393
401856577,180,0.7536870203536871,0.5346457375769664,0.6095206413883603
401856577,181,0.7543906510851419,0.5348112227225493,0.6097897141812962
401856577,182,0.7546565191267774,0.5349380898779115,0.609859214624433
401856577,183,0.754991652754591,0.535055030765231,0.6099683109946801
401856577,184,0.7550393805900414,0.535230822631031,0.6099042789795053
401856577,185,0.7550857066631095,0.5352675469075747,0.6099090798777673
401856577,186,0.7554518172724242,0.5353509000782677,0.6100504585970783
401856577,187,0.755607476635514,0.535835583035792,0.609885946799861
401856577,188,0.755196150504578,0.5366108786610879,0.609292635921745
401856577,189,0.754957127545552,0.5373746184038377,0.6087912545708571
401856577,190,0.7549526559666913,0.5382937892533147,0.6083294333566882
401856577,191,0.7547449185623907,0.5389446140427387,0.607900152259826
401856577,192,0.7757088446889547,0.519990537023894,0.6278591538325304
401856577,193,0.7764237962257764,0.5211384034010392,0.6276426964123686
401856577,194,0.7768287526427061,0.5217083529966966,0.6275601998230047
401856577,195,0.7769699019276294,0.5220622935346861,0.6274538041964717
401856577,196,0.776980239824354,0.5218827415359207,0.6275487491442167
401856577,197,0.7773562636992075,0.5211549793753683,0.6281006421619196
401856577,198,0.7775534241965337,0.5199104618284637,0.628821481184035
401856577,199,0.7776844933254975,0.5183962264150943,0.6296441334552016
401856577,200,0.7775729131746564,0.5165742597617081,0.6304993267064741
401856577,201,0.7780753138075314,0.5150655795817086,0.6315048671129113
401856577,202,0.7789473684210526,0.5140795078088026,0.632433930306125
401856577,203,0.7795038837384114,0.5133917990045035,0.633056042366954
401856577,204,0.7797728411558377,0.5125430983236239,0.633614871416107
401856577,205,0.7798563554367797,0.5119914091397207,0.6339324731485294
401856577,206,0.779828003673708,0.511497005988024,0.634165498842842
401856577,207,0.7801702553830746,0.5120279047389945,0.63407117532204
401856577,208,0.780310621242485,0.5126811594202898,0.6338147309110975
401856577,209,0.7803308823529411,0.5122543072069886,0.6340382875729762
401856577,210,0.7802390704672741,0.5126050420168067,0.6338170142252337
401856577,211,0.7796822742474916,0.5129521016617791,0.6333650862928563
401856577,212,0.7792653334449,0.5130722965508776,0.6330965184470112
401856577,213,0.7787447698744769,0.5129974128372552,0.6328736785186109
401856577,214,0.778270324523252,0.5123067408781694,0.6329817918225413
401856577,215,0.7224026932845077,0.5691776710684273,0.5766125111080402
401856577,216,0.7223370945826195,0.5689279543234919,0.5767045701295639
401856577,217,0.7223043709706038,0.5684637942702458,0.576920288350179
401856577,218,0.7222419507575758,0.5684916032833798,0.5768751737370981
401856577,219,0.7223571217056559,0.5683718827695321,0.5769926194680619
401856577,220,0.7227000415208494,0.5682520539684932,0.5772239937761781
401856577,221,0.7226476699317305,0.5682623445156426,0.5771926627080439
401856577,222,0.7229946524064171,0.5679915529074591,0.5775015497494791
401856577,223,0.7236309523809524,0.5675900067929655,0.5780204727939935
401856577,224,0.7244357096063367,0.566762437622864,0.5788366359917363
401856577,225,0.7252740705433747,0.5658991061960309,0.5796874821736719
401856577,226,0.7261890570985815,0.5654947224542486,0.5803471673221665
401856577,227,0.7269368295589989,0.564906406939583,0.5810152113097079
401856577,228,0.7276413069401383,0.5641866138130812,0.5817273465635285
401856577,229,0.7279345944978218,0.5636169237818849,0.5821588353579685
401856577,230,0.7279451237697584,0.5629544584768466,0.5824953326464559
401856577,231,0.7282381719467812,0.5626723873735826,0.5827828922865993
401856577,232,0.7286576259035785,0.5620018393623544,0.5833278932706121
401856577,233,0.729214020815887,0.5613214778476161,0.5839462714841355
401856577,234,0.7298592392932015,0.5607698796104593,0.5845446798413712
401856577,235,0.7305338932213558,0.5604572656130121,0.5850383138041718
401856577,236,0.73117827314787,0.5603256278319637,0.5854263226579531
401856577,237,0.7316661645073818,0.5605164066702528,0.5855748789185644
401856577,238,0.731963746223565,0.5608310888803386,0.5855663286716132
401856577,239,0.7322434150772026,0.5612181958365459,0.5855126096203284
401856577,240,0.7323250728862973,0.5616692426584234,0.585327915113937
401856577,241,0.7325616813889735,0.5622384126492017,0.5851616343698859
401856577,242,0.7331010878865665,0.5624902844706979,0.5853054017079342
401856577,243,0.7334803111029456,0.562529201059025,0.5854755550219604
401856577,244,0.8062724935732648,0.4703196347031963,0.6679764294350342
401856577,245,0.8065674704976912,0.4694680516210261,0.6685497094383326
401856577,246,0.8068845405183895,0.468745079515037,0.6690697305016763
401856577,247,0.8070031739531074,0.4683962264150943,0.6693034737690066
401856577,248,0.8066230580539656,0.46836238027947874,0.6691303388872434
401856577,249,0.805864922856851,0.46800501882057716,0.6689299520181369
401856577,250,0.8052970651395849,0.468524898214845,0.6683860834623699
401856577,251,0.8045166564479869,0.4689601250977326,0.6677782656751271
401856577,252,0.8037411836859859,0.469276356830942,0.667232413427522
401856577,253,0.8031109291854277,0.4693718905472637,0.666869519319082
401856577,254,0.8025777414075287,0.4694004349176763,0.6665886532449261
401856577,255,0.8020641733088085,0.46872574887474777,0.6666692122170303
401856577,256,0.8018146600061168,0.4678643332817098,0.6669751633622034
401856577,257,0.8013816925734024,0.467687074829932,0.6668473088717353
401856577,258,0.8012353179424868,0.4672118500231446,0.6670117339596711
401856577,259,0.8011306279022814,0.46717016029593095,0.6669802338031752
401856577,260,0.8005826803295157,0.46768236380424744,0.6664501582626341
401856577,261,0.8004800480048004,0.4686012590204207,0.6659393944921899
401856577,262,0.8007369049990042,0.4700199355927005,0.6653584847031518
401856577,263,0.800852920757711,0.4717501148369316,0.6645514029603896
401856577,264,0.8009492732126965,0.4730328495034377,0.6639582118546294
401856577,265,0.801203037175821,0.4748245346353372,0.6631892512702419
401856577,266,0.8017885220125787,0.47599451303155005,0.6628970044905143
401856577,267,0.802843137254902,0.4767565919829294,0.6630432726359863
401856577,268,0.8036203522504892,0.4768363303870771,0.6633920109317061
401856577,269,0.8043988269794722,0.47712717291857276,0.6636358270304497
401856577,270,0.8057020113259129,0.47701939227362955,0.6643413095261417
401856577,271,0.8069167072576717,0.47706422018348627,0.6649262435370927
401856577,272,0.8076025665953723,0.4763218390804598,0.6656403637574563
401856577,273,0.807983682983683,0.4761393279116158,0.6659221775360336
401856577,274,0.8490926456542502,0.40543700672318034,0.721827819465535
401856577,275,0.8500954805856142,0.40791387838231014,0.721090801101652
401856577,276,0.8513406314453434,0.4107763615295481,0.7202821349578976
401856577,277,0.8525316455696202,0.4134753815145407,0.7195281320275397
401856577,278,0.8535776338651082,0.4160458452722063,0.718765894296451
401856577,279,0.8550496297463368,0.4182336182336182,0.7184080057563593
401856577,280,0.8564923849897943,0.4185122089721749,0.7189900880088097
401856577,281,0.856986387106869,0.41813031161473085,0.7194280377460691
401856577,282,0.8575875486381322,0.41843971631205673,0.7195739161630377
401856577,283,0.858072513170127,0.4183470604941778,0.7198627263379747
401856577,284,0.8585531389788678,0.4192997438087105,0.7196266975850787
401856577,285,0.8585021485573971,0.4204675028506271,0.719017322853385
401856577,286,0.858868501529052,0.4229452054794521,0.7179616480248
401856577,287,0.858712236801953,0.425962910128388,0.7163746633367825
401856577,288,0.8592085235920852,0.42905982905982903,0.7150743472661281
401856577,289,0.8595531235750113,0.4311614730878187,0.7141958252435963
401856577,290,0.8602673147023087,0.432722143864598,0.7137725854188552
401856577,291,0.8602851941747572,0.4338297274515313,0.713227733361613
401856577,292,0.8606023914030574,0.43445378151260505,0.7130743049452262
401856577,293,0.8602053140096618,0.43354694901086654,0.7133291824993977
401856577,294,0.7966653890379456,0.4762121212121212,0.6602266339129121
401856577,295,0.7965712096542477,0.47639939485627836,0.6600859073989847
401856577,296,0.7965322348883993,0.4765648624130632,0.659983686237668
401856577,297,0.7961258151131568,0.4765577737447066,0.6597840206842251
401856577,298,0.7957557134626464,0.4760248071396158,0.6598654531615153
401856577,299,0.7955572651216463,0.47451217667523826,0.660522544223204
401856577,300,0.7956337757261012,0.4720581553839164,0.6617878101710923
401856577,301,0.795305886879569,0.46968778417702334,0.6628090513512729
401856577,302,0.7950740812006927,0.467707701637356,0.6636831897816684
401856577,303,0.7947013487475916,0.46530303030303033,0.6646991592222806
401856577,304,0.7946024096385542,0.4627949183303085,0.6659037456541228
401856577,305,0.7943187289359653,0.460818360259701,0.6667501843381322
401856577,306,0.7940950182727448,0.45920675614537776,0.6674441310636835
401856577,307,0.7935440484196369,0.45801296547565207,0.6677655414719924
401856577,308,0.7934939065348815,0.45695763606211365,0.668268135236384
401856577,309,0.7933051985421062,0.4563677467972871,0.6684687258724096
401856577,310,0.7935292428448358,0.45586019885507684,0.6688345219948795
401856577,311,0.7939405524228232,0.45569620253164556,0.6691221749455889
401856577,312,0.7940783190066858,0.4556809631301731,0.6691986779382564
401856577,313,0.7940839694656489,0.45577617328519854,0.6691538980902252
401856577,314,0.7942382905656777,0.45593754691487764,0.6691503718254
401856577,315,0.7946760805266673,0.45571706878465457,0.6694795058710064
401856577,316,0.7950530035335689,0.4546542951212212,0.6701993542061739
401856577,317,0.7953154875717017,0.4537714712471994,0.6707720081622511
401856577,318,0.8606078316773816,0.4104376189181843,0.7250851063795987
401856577,319,0.8604922091160623,0.4100895036615134,0.7252013527272745
401856577,320,0.8600494114227584,0.40869800108049703,0.7256757051711307
401856577,321,0.8592753623188406,0.40656090346867435,0.7263572294250831
401856577,322,0.8586311677036609,0.40412979351032446,0.7272506870966682
401856577,323,0.8578445535972262,0.40182403433476394,0.7280102596312312
401856577,324,0.8578028006351957,0.39898041320096594,0.7294111937171148
401856577,325,0.858690940615518,0.3961352657004831,0.7312778374575175
401856577,326,0.8596084118926759,0.39399624765478425,0.7328060821189458
401856577,327,0.8601307189542484,0.3925985518905873,0.7337660835318306
401856577,328,0.8606307222787386,0.39248322147651005,0.7340737504011143
401856577,329,0.8609780873603251,0.3919463087248322,0.7345158893177464
401856577,330,0.8611433546140452,0.3921778730243772,0.734482740794834
401856577,331,0.7935490045941807,0.4498609281217977,0.6718440382361914
401856577,332,0.793570057581574,0.4505847953216374,0.6714926311299683
401856577,333,0.7931133980956045,0.45126406546836184,0.6709246663136214
401856577,334,0.7928206117919522,0.4515940333430828,0.6706132892244347
401856577,335,0.7925239061141698,0.4513248426291905,0.6705995317424897
401856577,336,0.7928833881260878,0.4517640169814083,0.6705596855723397
401856577,337,0.7934340499709471,0.45242974238875877,0.6705021537910942
401856577,338,0.7938724064378515,0.45237746891002195,0.6707474687639148
401856577,339,0.7945218737901665,0.4520848573518654,0.6712185082191505
401856577,340,0.795112055641422,0.4519906323185012,0.6715607116614604
401856577,341,0.7958711171136408,0.45201872440023405,0.6719261963567034
401856577,342,0.7968162083936324,0.4520748100526008,0.6723706991705158
401856577,343,0.797645469458651,0.4511553085697572,0.6732450804444469
401856577,344,0.7980500048267207,0.44981684981684983,0.6741165775049355
401856577,345,0.7984151526865094,0.44858989424206813,0.6749126292222207
401856577,346,0.7987993803253292,0.44745363556078893,0.67567287238227
401856577,347,0.7992233009708738,0.4465890673346103,0.6763171168181318
401856577,348,0.7991635868508072,0.44534711964549484,0.6769082336026562
401856577,349,0.7986779430348984,0.44457599526417046,0.677050973885364
401856577,350,0.7980180705333721,0.44388510512289014,0.6770664827052411
401856577,351,0.7977866226579944,0.44349112426035503,0.6771477491988197
401856577,352,0.7974966039200466,0.4438210541857375,0.6768377748671546
401856577,353,0.7972841901066925,0.44405130473241927,0.6766164426871366
401856577,354,0.796938577795001,0.4439699602414961,0.6764843087767525
401856577,355,0.7969415408439798,0.4446242094425651,0.6761586657007074
401856577,356,0.7974818401937046,0.44496762801648027,0.6762571060886122
401856577,357,0.7978692493946731,0.4459001913734727,0.6759845290106001
401856577,358,0.7978517514999033,0.4464390818128311,0.6757063348435361
401856577,359,0.7979514928978645,0.4470743898853278,0.6754385515062684
401856577,360,0.7975294344721097,0.4478203434610304,0.6748545455055397
401856577,361,0.7970693145666634,0.4479929680632874,0.674538173251688
401856577,362,0.7965351299326275,0.4474338353560462,0.6745506472882907
401856577,363,0.877127928535311,0.397389412617839,0.739869257958736
401856577,364,0.8757128480375713,0.39689978370583995,0.7394065321658657
401856577,365,0.8745405947210158,0.39705353934602944,0.7387435276874932
401856577,366,0.8738138838022307,0.39662598707824837,0.7385939483619912
401856577,367,0.873237099717936,0.3959755659360402,0.7386307668909479
401856577,368,0.8721045665122436,0.39445244956772335,0.7388260584722601
401856577,369,0.8711272247857613,0.39128869690424767,0.7399192639407568
401856577,370,0.8697651502709804,0.38854879366222544,0.7406081783043775
401856577,371,0.8689519435788092,0.38705035971223023,0.7409507919332895
401856577,372,0.8684770161949943,0.3860782203085755,0.7411993979432094
401856577,373,0.8675702155453952,0.3853309481216458,0.7411196337118746
401856577,374,0.8668624571708272,0.38453314326443333,0.7411646569531969
401856577,375,0.8668079556569938,0.3841528121683764,0.7413275717443086
401856577,376,0.8662534659924972,0.38499471644945404,0.7406293747715216
401856577,377,0.8663729809104258,0.3856392294220666,0.7403668757441797
401856577,378,0.8669170476812541,0.38558432470258924,0.7406663614893325
401856577,379,0.8675053095899363,0.3858240223463687,0.7408406436217838
401856577,380,0.8682879059898808,0.38641114982578395,0.7409383780820484
401856577,381,0.868772386844676,0.38705186216498433,0.7408602623398458
401856577,382,0.8692757388762585,0.3880181121560432,0.7406288133601077
401856577,383,0.8700226610553577,0.3887147335423197,0.740653963756519
401856577,384,0.8704629778996612,0.3900907187718074,0.7401861295639269
401856577,385,0.8704804756548289,0.3900907187718074,0.7401948784415107
401856577,386,0.8059320151077538,0.4175238095238095,0.6942041027919721
401856577,387,0.806268756252084,0.41726892354507417,0.6944999163535049
401856577,388,0.8072731316725978,0.4171102661596958,0.695081432756451
401856577,389,0.8084585420144685,0.41620800910988803,0.6961252664522902
401856577,390,0.8093701313153795,0.41535545023696685,0.6970073405392063
401856577,391,0.8103179897709584,0.41505864547862276,0.6976296721461679
401856577,392,0.8113689352725658,0.4146664146664147,0.6983512603030755
401856577,393,0.8119174434087882,0.41408610271903323,0.6989156703448776
401856577,394,0.8120284065690191,0.4132855255708624,0.6993714404990783
401856577,395,0.8114463176574978,0.41346153846153844,0.6989923895979797
401856577,396,0.8106220201796208,0.41333835719668427,0.6986418314914683
401856577,397,0.8097615085967831,0.4137022397891963,0.6980296344037934
401856577,398,0.8091586084250305,0.41464332768680595,0.6972576403691122
401856577,399,0.8093753479567977,0.41567963902989286,0.6968478544634524
401856577,400,0.8102409638554217,0.41696378307374743,0.6966385903908372
401856577,401,0.8111583184257602,0.41797752808988764,0.6965903951679363
401856577,402,0.8121429371569396,0.4180052297347777,0.697068853711081
401856577,403,0.8125841184387618,0.4186437511675696,0.6969701836355962
401856577,404,0.812914093206064,0.4182701288996824,0.6973219821531909
401856577,405,0.8129358830146232,0.4171332586786114,0.6979013121680059
401856577,406,0.8124718087505638,0.4159985082975946,0.6982366502264846
401856577,407,0.8117593951021329,0.41486183719193426,0.6984487789550993
401856577,408,0.811216429699842,0.41442451420029897,0.6983959577497716
401856577,409,0.8105940817709509,0.41430979584191796,0.6981421429645165
401856577,410,0.8104227899615646,0.4132758297393587,0.698573480111103
401856577,411,0.8103643358225843,0.4133007702423445,0.6985317827901198
401856577,412,0.8099332503676887,0.41331327566754417,0.6983099873500722
401856577,413,0.8095399570475867,0.41384499623777277,0.697847480404907
401856577,414,0.8093407214746127,0.41431792559188274,0.697511397941365
401856577,415,0.8089849496435442,0.4147396127091559,0.6971226684671942
401856577,416,0.8083323899015057,0.4149774774774775,0.6966774562120142
401856577,417,0.8081711181530105,0.4155430711610487,0.6963140234959808
401856577,418,0.8081928256195542,0.41605975723622785,0.6960665341916632
401856577,419,0.8087536756389957,0.4161849710982659,0.6962843522703649
401856577,420,0.8089646607203342,0.4158747903856903,0.696544935167322
401856577,421,0.8092446448703495,0.41593744181716624,0.6966536015265916
401856577,422,0.8094862550698513,0.41535030663445455,0.6970679742176984
401856577,423,0.8099369085173501,0.41452991452991456,0.6977034969937177
401856577,424,0.8099537298273333,0.4131647452584604,0.6983944922844365
401856577,425,0.810126582278481,0.4120603015075377,0.6990331403854717
401856577,426,0.8102569908298426,0.4111835973904939,0.6995366967196743
401856577,427,0.8838709677419355,0.367382726874178,0.7582441204338788
401856577,428,0.884318766066838,0.3636761487964989,0.7603213086351696
401856577,429,0.8845307917888563,0.3594228246611281,0.7625539835638641
401856577,430,0.8850238008055658,0.35630178805058876,0.7643610063774885
401856577,431,0.8852218555188852,0.35365853658536583,0.7657816594667597
401856577,432,0.8855465884079237,0.35084672166739034,0.7673499333702667
401856577,433,0.8856251147420598,0.3491098567086409,0.7682576290167095
401856577,434,0.8860712973171628,0.3479013414106447,0.7690849779532591
401856577,435,0.8868063212054392,0.34683326152520466,0.7699865298401173
401856577,436,0.8873601174096496,0.3462033462033462,0.7705783856031516
401856577,437,0.8874839655488364,0.3471215351812367,0.7701812151837999
401856577,438,0.8880365296803653,0.3487484089944845,0.7696440603429404
401856577,439,0.8883831026948289,0.3507809202195019,0.7688010912376635
401856577,440,0.8885460156108187,0.3523012552301255,0.7681223801903466
401856577,441,0.8879840752804922,0.3533083645443196,0.7673378553680863
401856577,442,0.8876628075253257,0.35403726708074534,0.7668127702222902
401856577,443,0.8874028555937105,0.3543990086741016,0.7665019234598045
401856577,444,0.8871229907892361,0.3536937680561288,0.7667146113665537
401856577,445,0.8865606936416185,0.3532317826265953,0.7666644555075115
401856577,446,0.8357650096836668,0.40715779688589354,0.7143036063988867
401856577,447,0.8358921429492968,0.40819176169420524,0.7138501906275458
401856577,448,0.8360211585601858,0.4086146682188591,0.7137032451706633
401856577,449,0.836581902672002,0.41016080167793056,0.7132105504970357
401856577,450,0.8369509043927649,0.41095571095571093,0.7129975967185269
401856577,451,0.8370619423251002,0.41203919738684086,0.7125113724691297
401856577,452,0.8373416084820274,0.41316526610644255,0.7120881711877924
401856577,453,0.8373236702471852,0.41411544753447066,0.7116041113563574
401856577,454,0.8376766498120057,0.4143723751749883,0.7116521373185087
401856577,455,0.8380940015580369,0.41490104772991854,0.7115964769140593
401856577,456,0.8380171740827479,0.41434540389972147,0.7118358850915132
401856577,457,0.8375065206051121,0.41429562803608605,0.7116054462845129
401856577,458,0.8374068749183113,0.41416705122288877,0.7116199118477113
401856577,459,0.8366064414768264,0.414651002073255,0.7109777197017857
401856577,460,0.8362565445026178,0.4154022988505747,0.7104271228260215
401856577,461,0.8351648351648352,0.4162075298438935,0.7094786526604708
401856577,462,0.8342050209205021,0.41706813489332417,0.708568443013589
401856577,463,0.8336817350405017,0.4183111519045434,0.7076852915679792
401856577,464,0.8338766462381014,0.41919191919191917,0.7073423635230911
401856577,465,0.8341786968396411,0.41995412844036695,0.7071122841996371
401856577,466,0.8350006496037418,0.4202200825309491,0.7073902835363963
401856577,467,0.8356947874691277,0.42143838754008245,0.7071281999645227
401856577,468,0.8364722691258605,0.42274186153140764,0.7068652037972265
401856577,469,0.8370312702737771,0.4236860224925407,0.7066726238906182
401856577,470,0.8374805598755832,0.4236588720770289,0.7069108438992772
401856577,471,0.8379743556534127,0.4240549828178694,0.7069596864177716
401856577,472,0.8380126795186958,0.4244159413650939,0.7067983690768009
401856577,473,0.8376388530095582,0.42451967063129004,0.706559591189134
401856577,474,0.8376673532440783,0.4236745886654479,0.7069963822893153
401856577,475,0.8371435910608785,0.4225062771056836,0.7073186569775975
401856577,476,0.8369230769230769,0.42122040072859745,0.7078513380972398
401856577,477,0.837128966223132,0.4208731241473397,0.7081279210378961
401856577,478,0.8366564417177914,0.4192743764172336,0.7086910326502789
401856577,479,0.836207997955794,0.4171945701357466,0.7095067139100237
401856577,480,0.7726309415682713,0.4344005956813105,0.6691151729434803
401856577,481,0.773246989780431,0.4355436878801365,0.6688516509501473
401856577,482,0.7736174530695079,0.43651145602365116,0.6685529985229284
401856577,483,0.7747409063198537,0.43681885125184094,0.6689610275340063
401856577,484,0.7758532857870606,0.4364705882352941,0.6696913487758832
401856577,485,0.7771766867408391,0.43665689149560116,0.670259897622619
401856577,486,0.7784137367130008,0.4361639824304539,0.6711248771412734
401856577,487,0.7802085463095482,0.43550036523009494,0.6723540905397266
401856577,488,0.7817679558011049,0.4350298964561762,0.6733690296724644
401856577,489,0.7828624078624079,0.434662398137369,0.6741000048625194
401856577,490,0.7835040983606557,0.4344667247893054,0.6745186867856752
401856577,491,0.7837754788487146,0.4340826686004351,0.6748464051241397
401856577,492,0.7841409691629956,0.4327731092436975,0.6756839299596491
401856577,493,0.7843820455011273,0.43188070073838136,0.676250672381373
401856577,494,0.7840139544428484,0.4311594202898551,0.6764272670764966
401856577,495,0.7841305686717307,0.4304770189937654,0.6768267748389827
401856577,496,0.7845252774352651,0.4298156481347075,0.6773548146502788
401856577,497,0.7846486264018931,0.4299404675475534,0.67735407942717
401856577,498,0.7852653271509531,0.43004354136429607,0.6776108928933285
401856577,499,0.7855889336223805,0.4304991294254208,0.6775449020984798
401856577,500,0.7856551438625543,0.430891950688905,0.6773815965868246
401856577,501,0.7857809099388537,0.43103448275862066,0.6773732135901165
401856577,502,0.7857142857142857,0.4313214647561152,0.6771964104790853
401856577,503,0.7855213959285418,0.43162763804567794,0.6769468789414319
401856577,504,0.7855289110349839,0.43236610365237477,0.6765814036913046
401856577,505,0.7853511775080403,0.4336027713625866,0.6758742030727268
401856577,506,0.78572910184609,0.43465703971119135,0.6755360310674494
401856577,507,0.7857142857142857,0.4351784940020234,0.6752678958561311
401856577,508,0.7861954606694994,0.43578247035001444,0.6752064951597425
401856577,509,0.7865657717425106,0.43581570559258187,0.6753750330749644
401856577,510,0.7869890018676073,0.435420601481912,0.6757842001928477
401856577,511,0.7875038985341511,0.434014598540146,0.6767446499970026
401856577,512,0.7881029273882696,0.4329518779342723,0.6775755247269987
401856577,513,0.7879736924522392,0.4323568379213897,0.6778084272654248
401856577,514,0.7886544086920184,0.43266391021854694,0.6779952492367357
401856577,515,0.7895617613220375,0.4328446616318673,0.678358549845085
401856577,516,0.7903056951423786,0.4333827893175074,0.6784614529124355
401856577,517,0.7912870457639544,0.43438242280285033,0.6784523114805521
401856577,518,0.7920812820781398,0.43536404160475484,0.6783586202366925
401856577,519,0.7925219941348973,0.43600416233090533,0.678258915901996
401856577,520,0.7931214718795735,0.43676448681662444,0.6781784925314744
401856577,521,0.793481667188969,0.43736001194564733,0.6780608276216609
401856577,522,0.7933409873708381,0.43789284645315774,0.6777240704588402
401856577,523,0.7936061647401853,0.4382595648912228,0.6776732999244812
401856577,524,0.7935732113144759,0.4387785800240674,0.6773973156452042
401856577,525,0.7934330839567747,0.4395124887150165,0.6769602976208791
401856577,526,0.7931893687707641,0.44031311154598823,0.676438128612388
401856577,527,0.7926702657807309,0.44029513627465744,0.6761875647530367
401856577,528,0.791701244813278,0.4410480349344978,0.67532660493939
401856577,529,0.7907988809449797,0.44161518758475216,0.6745918466801137
401856577,530,0.7897845006216329,0.4421338155515371,0.6738253425350479
401856577,531,0.8306563804224105,0.3879757785467128,0.7213403009378488
401856577,532,0.8306197147545121,0.38732088580112894,0.7216494144766916
401856577,533,0.8303121852970795,0.38649237472766884,0.7219099052847053
401856577,534,0.8300012573871495,0.38538713195201746,0.7223070627175661
401856577,535,0.829937106918239,0.38432998690528153,0.7228035600064787
401856577,536,0.8300201308505284,0.3833879781420765,0.7233160763542259
401856577,537,0.8306279099031081,0.3826486013986014,0.7239896542522533
401856577,538,0.8312129991182768,0.38234651518461876,0.724433241966829
401856577,539,0.8317992686924726,0.38223095394018775,0.7247841573761424
401856577,540,0.8329542582764721,0.38219895287958117,0.7253776526984455
401856577,541,0.8338395342951151,0.3823336968375136,0.7257529187288008
401856577,542,0.8342835423793235,0.3832570307390451,0.7255132558201391
401856577,543,0.8348775225282397,0.38352582261930707,0.7256758499544663
401856577,544,0.8353076041268628,0.38312254688181424,0.7260925286225243
401856577,545,0.8358456821665815,0.3831551385555313,0.7263452718055251
401856577,546,0.836685026258486,0.3829183049366536,0.7268833606609162
401856577,547,0.8369704749679076,0.3821084864391951,0.7274309942643562
401856577,548,0.8374517374517374,0.38154722770107385,0.7279522548753318
401856577,549,0.838123469519268,0.38117182356813695,0.7284758229755655
401856577,550,0.8386263878130648,0.3815587266739846,0.7285338305695401
401856577,551,0.8391265021320584,0.382908611599297,0.7281089452663807
401856577,552,0.8394198394198394,0.38382061991646516,0.7277996097516872
401856577,553,0.8394084835906084,0.38534330985915494,0.7270325868657267
401856577,554,0.8396728547319227,0.38676341248900614,0.7264547211214583
401856577,555,0.8402597402597403,0.38714630401403816,0.726556718122851
401856577,556,0.8411336453458138,0.38666666666666666,0.7272334893395735
401856577,557,0.8422762115109783,0.3859228590106777,0.7281766762501503
401856577,558,0.8432516530532866,0.38491632253857855,0.729167665257354
401856577,559,0.8443237651926558,0.3838318162115301,0.7302459744905628
401856577,560,0.8454193548387097,0.38207343412527,0.7316729603567198
401856577,561,0.8462628865979381,0.3807882834374327,0.7327373015802527
401856577,562,0.8467773060594365,0.38,0.7333886530297182
401856577,563,0.847220439080755,0.37925096857511836,0.7339847352528183
401856577,564,0.847664271047228,0.37777299160025846,0.7349456397234848
401856577,565,0.8480492813141683,0.37602238484718037,0.7360134482334939
401856577,566,0.8483254202489413,0.37491933749193374,0.7367030413785038
401856577,567,0.8480963978977054,0.3744086021505376,0.7368438978735838
401856577,568,0.8476312419974392,0.3737613097802671,0.736934966108586
401856577,569,0.8470588235294118,0.372870390338581,0.7370942165954153
401856577,570,0.8466947960618847,0.371551724137931,0.7375715359619768
401856577,571,0.8460554916251118,0.37147166558931266,0.7372919130178996
401856577,572,0.8451802608028637,0.37197754749568224,0.7366013566535907
401856577,573,0.8444927165857399,0.37283362218370886,0.7358295472010155
401856577,574,0.843873770282356,0.3730727470141151,0.7354005116341205
401856577,575,0.8440777692504476,0.3729071537290715,0.735585307760688
401856577,576,0.8442990893933564,0.373911149825784,0.7351939697837861
401856577,577,0.8446701813038446,0.3745907007203667,0.735039740291739
401856577,578,0.8450341362875177,0.37560122431132487,0.7347164559880963
401856577,579,0.8455284552845529,0.3763111888111888,0.7346086332366821
401856577,580,0.8461140566403724,0.3769129864451246,0.7346005350976239
401856577,581,0.8466026970954357,0.37779237844940866,0.7344051593230135
401856577,582,0.8466432930788209,0.3789242590559824,0.7338595170114193
401856577,583,0.8468737813596776,0.37966622749231443,0.7336037769336816
401856577,584,0.8464438954622285,0.3815789473684211,0.7324324740469037
401856577,585,0.8462239583333333,0.3831652783866725,0.7315293399733304
401856577,586,0.8458126793634229,0.3838561087957886,0.7309782852838171
401856577,587,0.8444560532845762,0.38421052631578945,0.7301227634843934
401856577,588,0.8434191608940008,0.38412628809471605,0.7296464363996424
401856577,589,0.8423187647212772,0.3843962305500767,0.7289612670856003
401856577,590,0.8411263916175508,0.38419319429198684,0.728466598662782
401856577,591,0.84033062188402,0.3828898174620629,0.7287204022109786
401856577,592,0.8394964594807238,0.3803964757709251,0.7295499918548993
401856577,593,0.8392716793293162,0.37800308573947544,0.7306342967949204
401856577,594,0.8399633603768647,0.37497246089447017,0.7324954497411973
401856577,595,0.8409090909090909,0.37216970762805013,0.7343696916405205
401856577,596,0.841838063004426,0.3689640035118525,0.7364370297462868
401856577,597,0.8428626993387787,0.3663453111305872,0.7382586941040957
401856577,598,0.8438388013433221,0.3647316538882804,0.739553573727521
401856577,599,0.8446050593701601,0.36379574841113305,0.7404046554795135
401856577,600,0.8451013295469214,0.362659060991663,0.7412211342776291
401856577,601,0.8453781512605042,0.3617208077260755,0.7418286717672143
401856577,602,0.8447583257742646,0.3607817303469477,0.7419882977136585
401856577,603,0.8441642838575514,0.36,0.7420821419287758
401856577,604,0.8431833007175473,0.3590589270008795,0.7420621868583339
401856577,605,0.8422015949797359,0.35788085293471095,0.7421603710225124
401856577,606,0.8412449326533281,0.35714285714285715,0.7420510377552354
401856577,607,0.8401725039205437,0.35729991204925243,0.7414362959356456
401856577,608,0.8391389432485323,0.3573784913129536,0.7408802259677894
401856577,609,0.8396668401874023,0.357331571994716,0.7411676340963431
401856577,610,0.8735250124646834,0.3235677083333333,0.7749786520656751
401856577,611,0.8741049125728559,0.32367307066102247,0.7752159209559167
401856577,612,0.874645774295716,0.3231270358306189,0.7757593692325486
401856577,613,0.8754792465410902,0.32323232323232326,0.7761234616543835
401856577,614,0.8764588196065355,0.3218577460214355,0.77730053679255
401856577,615,0.8765205799033494,0.321590174531351,0.7774652026859992
401856577,616,0.8760193043767682,0.3216242346116661,0.77719753488255106
401856577,617,0.8753945838179099,0.3218649517684887,0.7767648160247106
401856577,618,0.8753940600630497,0.3221261607428754,0.7766339496600871
401856577,619,0.875931754182541,0.3223747207149697,0.7767785167337857
401856577,620,0.8765105115047178,0.3210425937698665,0.7777339588674257
401856577,621,0.8767372600926538,0.3197969543147208,0.7784701528889666
401856577,622,0.8772277227722772,0.3170731707317073,0.780077276020285
401856577,623,0.8777156023699803,0.3153067678684377,0.7812044172507713
401856577,624,0.8778525693646364,0.313545942532365,0.7821533134161357
401856577,625,0.877597774504991,0.31153238546603473,0.7830326945194781
401856577,626,0.8768151411323217,0.30981012658227847,0.7835025072750217
401856577,627,0.8761378413524057,0.3092063492063492,0.7834657460730282
401856577,628,0.876051779935275,0.30945558739255014,0.7832980962713625
401856577,629,0.8761874094348736,0.3102457708266837,0.782970819304095
401856577,630,0.8281052510628519,0.39059641419685326,0.7187544184329994
401856577,631,0.8278716798896171,0.38993941619239947,0.7189661318486088
401856577,632,0.8280709840977184,0.3889502762430939,0.7195603539273123
401856577,633,0.8279085872576177,0.38937073260749216,0.7192689273250628
401856577,634,0.827662037037037,0.3904059040590406,0.7186280664889981
401856577,635,0.8273581621997912,0.3903023598820059,0.7185279011588926
401856577,636,0.8271446862996159,0.3900866040169523,0.7185290411413319
401856577,637,0.8269298143174121,0.39031129121385155,0.7183092615517803
401856577,638,0.8270289261037592,0.3890728476821192,0.71897803921082
401856577,639,0.8269343665609956,0.387582659808964,0.7196758533760158
401856577,640,0.8269162839985871,0.38537839823659076,0.7207689428809981
401856577,641,0.8268459542344893,0.3831741366642175,0.7218359087851358
401856577,642,0.8269548783368769,0.38257993384785005,0.7221874722445134
401856577,643,0.8266666666666667,0.3816878102592388,0.722489428203714
401856577,644,0.8265378270091917,0.38054073937833366,0.7229985438154289
401856577,645,0.8257442052006119,0.3803827751196172,0.7226807150404974
401856577,646,0.8247798003523195,0.37967225188731357,0.722553774232503
401856577,647,0.8237363668347601,0.37950699043414277,0.7221146882003087
401856577,648,0.8229581090568687,0.379202645599853,0.7218777317285079
401856577,649,0.8219626168224299,0.37848751835535976,0.7217375492335351
401856577,650,0.8216828101295367,0.3786015782712424,0.7215406159291471
401856577,651,0.8219864770342737,0.3788740143040528,0.7215562313651105
401856577,652,0.8228305183459522,0.37963302752293576,0.7215987454115083
401856577,653,0.8235636194463829,0.38145840967387323,0.7210526048862549
401856577,654,0.8245002324500232,0.38309549945115257,0.7207023664994353
401856577,655,0.8254245173296115,0.38517840805123515,0.7201230546391881
401856577,656,0.8266030489933667,0.3870495701481617,0.7197767394226025
401856577,657,0.8275862068965517,0.3885233918128655,0.7195314075418431
401856577,658,0.8278917910447762,0.3899233296823658,0.7189842306812051
401856577,659,0.8277433680028047,0.39065352318364366,0.7185449224095806
401856577,660,0.8280389168913375,0.3907877901663316,0.7186255633625029
401856577,661,0.8283704572098476,0.3907393850658858,0.7188155360719809
401856577,662,0.8283337239278181,0.3910338517840805,0.7186499360718688
401856577,663,0.8281195079086116,0.3912248628884826,0.7184473225100645
401856577,664,0.827945654720075,0.3912566306932504,0.7183445120134123
401856577,665,0.7853429823667312,0.46357615894039733,0.660883411713167
401856577,666,0.7855828220858896,0.4641154661016949,0.6607336779920974
401856577,667,0.7855382087099425,0.46427626356178886,0.6606309725740769
401856577,668,0.7856995460173339,0.4646825396825397,0.6605085031673972
401856577,669,0.7860542106352162,0.4646117211271332,0.6607212447540415
401856577,670,0.7867205303501139,0.46415794355372997,0.661281293398192
401856577,671,0.7875142590480141,0.46342433077126954,0.6620449641383723
401856577,672,0.788293897882939,0.4633045786330458,0.6624946596249466
401856577,673,0.7895610667220089,0.4633984323103494,0.6630813172058297
401856577,674,0.7903694479036945,0.4631648936170213,0.6636022771433365
401856577,675,0.7910354845403611,0.46237847915834335,0.6643285026910088
401856577,676,0.7910138009754073,0.46212323286209656,0.6644452840566554
401856577,677,0.7908666320705761,0.4622162883845127,0.6643251718430316
401856577,678,0.7905672137959693,0.4627823065615395,0.6638924536172148
401856577,679,0.7899719130344326,0.46307198287396306,0.6634499650802348
401856577,680,0.7889039242219216,0.4631367292225201,0.6628835974997007
401856577,681,0.7879387563795438,0.462831025675494,0.6625538653520249
401856577,682,0.7870167760758571,0.4633949035998382,0.6618109362380095
401856577,683,0.7866305141307749,0.4637211187677341,0.6614546976815203
401856577,684,0.786265915257775,0.46362898864250945,0.6613184633076328
401856577,685,0.7853862212943633,0.46315361690598755,0.6611163021941879
401856577,686,0.7848867550360088,0.46317645463176454,0.6608551502021222
401856577,687,0.7845511482254697,0.46253054575074665,0.6610103012373615
401856577,688,0.7841809087119633,0.46255267092564906,0.6608141188931571
401856577,689,0.7838343909289504,0.4619676146414478,0.6609333881437514
401856577,690,0.783298755186722,0.4614441416893733,0.6609273067486743
401856577,691,0.7823882450331126,0.46101324593745735,0.6606874995478276
401856577,692,0.7821148285832301,0.4604542966611932,0.6608302659610185
401856577,693,0.7818331786782142,0.4593222664288654,0.6612554561246744
401856577,694,0.7815238684400454,0.4591471801925722,0.6611883441237366
401856577,695,0.7816756087494842,0.4585802894555479,0.661547659646968
401856577,696,0.7821413807358413,0.45783298826777086,0.6621541962340352
401856577,697,0.7829553691622657,0.4575615150677357,0.662696927047265
401856577,698,0.7838090295796575,0.4570323293727549,0.6633883501034512
401856577,699,0.7846665973161344,0.45607734806629835,0.6642946246249181
401856577,700,0.7855429227078335,0.45507246376811594,0.6652352294698588
401856577,701,0.7867961976391936,0.45389287686361124,0.6664516603877912
401856577,702,0.8316831683168316,0.40305652734303077,0.7143133204869004
401856577,703,0.8316972205795388,0.401728258871116,0.7149844808542114
401856577,704,0.8319307810833234,0.4012832263978002,0.7153237773427616
401856577,705,0.831710213776722,0.4001828153564899,0.7157636992101161
401856577,706,0.8312737642585551,0.3991979584396646,0.7160379029094452
401856577,707,0.8303030303030303,0.3985823336968375,0.7158603483030964
401856577,708,0.8296076099881093,0.39743125904486254,0.7160881754716234
401856577,709,0.829033408631554,0.39729486023444543,0.7158692741985542
401856577,710,0.8289692930254702,0.3969424460431655,0.7160134234911524
401856577,711,0.8288674526616648,0.39669421487603307,0.7160866188928159
401856577,712,0.828707564026206,0.39705353934602944,0.7158270123400883
401856577,713,0.8287213740458015,0.3970138514121245,0.7158537613168385
401856577,714,0.8292741165234002,0.3961822438321628,0.7165459363456188
401856577,715,0.829512893982808,0.39544962080173346,0.7170316365905373
401856577,716,0.8298710601719198,0.39369793553060484,0.7180865623206575
401856577,717,0.82993683708735555,0.3927404718693285,0.7185981826090135
401856577,718,0.8296402192041935,0.39127272727272727,0.7191837459657331
401856577,719,0.8295441018926318,0.3902261123267688,0.7196589947829315
401856577,720,0.8293872694824509,0.38958904109589043,0.7198991141932802
401856577,721,0.8291523005587921,0.3894274739345162,0.7198624133121378
401856577,722,0.8291552809789712,0.3899175068744271,0.719618887052272
401856577,723,0.8289989312433202,0.3903870849385434,0.7193059231523884
401856577,724,0.8286800522751574,0.39018562764197756,0.71924721231659
401856577,725,0.8289583085877182,0.3901675566194071,0.7193953759841556
401856577,726,0.8293580159012697,0.3893186003683241,0.7200197077664727
401856577,727,0.830074653394952,0.38872512896094324,0.7206747622170044
401856577,728,0.8308658059931304,0.38857142857142857,0.7211471887108509
401856577,729,0.8320123033242636,0.38831551787688906,0.7218483927236872
401856577,730,0.8329395085066162,0.3883566691230656,0.7222914196917753
401856577,731,0.8339426819200377,0.38862297496318116,0.7226598534784283
401856577,732,0.8344121454631046,0.38899116347569956,0.7227104909937025
401856577,733,0.834489244151875,0.3893903112912139,0.7225494664303306
401856577,734,0.8339392517884368,0.389689578713969,0.7221248365372339
401856577,735,0.8336448598130841,0.3903297517599111,0.7216575540265865
401856577,736,0.8329447423641875,0.39064240623839586,0.7211511680628958
401856577,737,0.8644621061595231,0.33397037744863833,0.7652458643554424
401856577,738,0.8642604387827317,0.3330947267955142,0.7655828559936088
401856577,739,0.8638802598136119,0.3323795898903195,0.7657503349616462
401856577,740,0.8635337284786904,0.3319828408007626,0.7657754438389639
401856577,741,0.8641748942172073,0.33214030064423766,0.7660172967864849
401856577,742,0.865024630541872,0.3330945558739255,0.7659650373339733
401856577,743,0.8662913441238564,0.33444816053511706,0.7659215917943697
401856577,744,0.8672952434562342,0.33579952267303104,0.7657478603916016
401856577,745,0.8679723826969142,0.3369149952244508,0.7655286937362318
401856577,746,0.8690996195575595,0.33730631704410013,0.7658966512567297
401856577,747,0.8702687491205854,0.3364307838932571,0.7669189826136642
401856577,748,0.870750210733352,0.3356376638855781,0.767556273423887
401856577,749,0.8712621086620805,0.3346870520783564,0.768287528291862
401856577,750,0.8718272332071239,0.3330936975796789,0.7693667678137225
401856577,751,0.88125,0.29477066900379784,0.7932396654981011
401856577,752,0.8818777625361988,0.2922627737226277,0.7948074944067856
401856577,753,0.8825053337397135,0.28992700729927007,0.7962891632202217
401856577,754,0.8830970888584058,0.28846715328467154,0.7973149677868672
401856577,755,0.8837173813520525,0.28654800116720164,0.7985846900924254
401856577,756,0.8841332925710792,0.28500583430571763,0.7995637291326808
401856577,757,0.884426732066217,0.2840512223515716,0.8001877548573226
401856577,758,0.8852181929932391,0.2823939570017432,0.801412117995748
401856577,759,0.8856526429341963,0.28081395348837207,0.8024193447229122
401856577,760,0.8859567901234567,0.28005822416302767,0.8029492829802145
401856577,761,0.8865883807169345,0.27887981330221706,0.8038542837073588
401856577,762,0.8875502008032129,0.2775175644028103,0.8050163182002013
401856577,763,0.9028213166144201,0.2534530386740331,0.8246841389701935
401856577,764,0.9030514385353096,0.25302872966424367,0.8250113544355329
401856577,765,0.90351337178814894,0.2533842415827838,0.8250645651026826
401856577,766,0.9036544850498339,0.25452646239554316,0.8245640113271453
401856577,767,0.9035364145658263,0.2550593161200279,0.8242385492228992
401856577,768,0.9031184302733006,0.25558659217877094,0.8237659190472648
401856577,769,0.9018920812894183,0.25705329153605017,0.822419394876684
401856577,770,0.9013342696629213,0.25790754257907544,0.8217133635419229
401856577,771,0.9006855334856742,0.2594519597641346,0.8206167868607698
401856577,772,0.9001055223355611,0.2610803324099723,0.8195125949627944
401856577,773,0.8995072157690954,0.26150121065375304,0.8190030025576711
401856577,774,0.8992438895727097,0.2615916955017301,0.8188260970354898
401856577,775,0.8986296556570625,0.2621191135734072,0.8182552710418276
401856577,776,0.8980522898754167,0.2620617841027421,0.8179952528863372
401856577,777,0.8972158991420066,0.26268241834607364,0.8172667403979665
401856577,778,0.8965215871351162,0.262078554049357,0.8172215165428796
401856577,779,0.8957461645746164,0.2613833854709767,0.8171813895518198
401856577,780,0.8949016878371324,0.2616400277970813,0.8166308300200256
401856577,781,0.8938761308281141,0.2630117973629424,0.8154321667325859
401856577,782,0.8931920805835359,0.26479750778816197,0.814197286397687
401856577,783,0.8930992525638797,0.2672890733056708,0.8129050896291045
401856577,784,0.8935281837160751,0.2673815288827395,0.8130733274166678
401856577,785,0.8941319867664983,0.2675666320526134,0.8132826773569425
401856577,786,0.8950853956082259,0.26634382566585957,0.8143707849711832
401856577,787,0.8960880195599022,0.26498094908209213,0.8155535352389051
401856577,788,0.8969018029056538,0.26365217391304346,0.8166248144963051
401856577,789,0.8975258817336375,0.2618881118881119,0.8178188849227628
401856577,790,0.8976115208991922,0.2596491228070175,0.8189811990460873
401856577,791,0.8971027216856892,0.25783726664318424,0.8196327275212525
401856577,792,0.8958918539325843,0.2567090395480226,0.8195914071922809
401856577,793,0.8943859649122807,0.25726435152374205,0.8185608066942693
401856577,794,0.8936021034180543,0.2588778409090909,0.8173621312544818
401856577,795,0.8933566433566433,0.2596802841918295,0.8168381795824069
401856577,796,0.8930378642470773,0.2603129445234708,0.8163624598618032
401856577,797,0.8926829268292683,0.2612099644128114,0.8157364812082284
401856577,798,0.8923344947735191,0.2622601279317697,0.8150371834208747
401856577,799,0.89198606271777,0.26297085998578534,0.8145076013659923
401856577,800,0.891873038018835,0.26323268206039074,0.8143201779792222
401856577,801,0.8914106145251397,0.2628591699184108,0.8142757223033644
401856577,802,0.8906769284589819,0.2633628318584071,0.8136570483002874
401856577,803,0.89,0.2636780797740911,0.8131609601129545
401856577,804,0.8895144264602393,0.2636395635339669,0.8129374314631361
401856577,805,0.8891829892359273,0.263859649122807,0.8126616700565601
401856577,806,0.8893797490722742,0.26319468717231737,0.8130925309499784
401856577,807,0.8893797490722742,0.26173096976016685,0.8138243896560537
401856577,808,0.8892226148409894,0.2596952908587258,0.8147636619911318
401856577,809,0.8886339569361101,0.25716258198136005,0.815735687477375
401856577,810,0.8882042253521126,0.2556779077770131,0.8162631587875497
401856577,811,0.8878931646459322,0.25403918872464765,0.8169269879606422
401856577,812,0.8875656742556918,0.2518059855521156,0.8178798443517881
401856577,813,0.8871221387384239,0.25034387895460797,0.8183891298919079
401856577,814,0.9336577868852459,0.17785630153121318,0.8779007426770165
401856577,815,0.9335044929396662,0.17815420560747663,0.8776751436660948
401856577,816,0.9333504889346371,0.17834394904458598,0.8775032699450256
401856577,817,0.9331267751097341,0.17799539170506912,0.8775656917023325
401856577,818,0.9329883570504528,0.17768832662449685,0.877650015212978
401856577,819,0.9326773692387365,0.1775486827033219,0.8775643432677073
401856577,820,0.9325726141078838,0.17657142857142857,0.8780005927682276
401856577,821,0.9326947967900595,0.17596810933940774,0.8783633437253259
401856577,822,0.9327470253491982,0.17482915717539863,0.8789589340868997
401856577,823,0.9331440371708828,0.17391304347826086,0.879615496846311
401856577,824,0.933487416538264,0.17346352670878806,0.8800119449147379
401856577,825,0.9333843797856048,0.173963133640553,0.879710623072526
401856577,826,0.9336721728081322,0.1745664739884393,0.8795528494098465
401856577,827,0.9343805421839372,0.1765389082462253,0.8789208169688559
401856577,828,0.9504922644163151,0.14232488822652756,0.9040836880948937
401856577,829,0.9508012369974698,0.14210919970082272,0.9043460186483235
401856577,830,0.9509721048182587,0.1417854463615904,0.9045933292283341
401856577,831,0.9508057675996607,0.14242652599849284,0.904189620800584
401856577,832,0.9506662886305642,0.1421012849584278,0.9042825018360683
401856577,833,0.9508103497298834,0.14296520423600606,0.9039225727469387
401856577,834,0.95096921322691,0.14447806354009077,0.9032455748434096
401856577,835,0.9508571428571428,0.1459909228441755,0.9024331100064837
401856577,836,0.9508711796629534,0.1470811220621683,0.9018950288003926
401856577,837,0.951011107946454,0.1479514415781487,0.9015298331841527
401856577,838,0.9514204545454545,0.1479514415781487,0.9017345064836529
401856577,839,0.9512056737588652,0.14600760456273765,0.9025990345980638
401856577,840,0.9510192525481314,0.14285714285714285,0.9040810548454943
401856577,841,0.9510192525481314,0.13957055214723926,0.9057243502004461
401856577,842,0.9510608203677511,0.13615384615384615,0.9074534871069524
401856577,843,0.9510608203677511,0.1332819722650231,0.908889424051364
401856577,844,0.950977614054973,0.13107170393215112,0.9099529550614109
401856577,845,0.9505962521294719,0.12885802469135801,0.910869113719057
401856577,846,0.9504414696667616,0.12923076923076923,0.9106053502179962
401856577,847,0.9503141062250143,0.13083397092578425,0.909740067649615
401856577,848,0.9499427917620137,0.13252094440213252,0.9087109236799407
401856577,849,0.9494978479196556,0.13429438543247343,0.9076017312435911
401856577,850,0.9488882471845221,0.13489073097211757,0.9069987581062022
401856577,851,0.9483009003775777,0.13493253373313344,0.9066841833222221
401856577,852,0.9479988314344142,0.13507462686567165,0.9064621022843713
401856577,853,0.947353027200936,0.13392857142857142,0.9067122278861823
401856577,854,0.9472450175849941,0.13298662704309064,0.9071291952709517
401856577,855,0.9468116367910667,0.13185185185185186,0.9074798924696075
401856577,856,0.9465177784307963,0.12998522895125553,0.9082662747397704
401856577,857,0.9463500439753738,0.128698224852071,0.9088259095616514
401856577,858,0.9461515949663447,0.1292466765140325,0.908452459226156
401856577,859,0.9458515283842794,0.1296978629329403,0.9080768327256696
401856577,860,0.9456711214410226,0.13024282560706402,0.9077141479169792
401856577,861,0.9448636099825886,0.1326007326007326,0.906131438690928
401856577,862,0.9443478260869566,0.13523391812865498,0.9045569539791507
401856577,863,0.9446376811594203,0.1386861313868613,0.9029757748862794
401856577,864,0.9451342766387525,0.14192139737991266,0.9016064396294199
401856577,865,0.9459614831848232,0.14410480349344978,0.9009283398456867
401856577,866,0.9469001148105626,0.1469090909090909,0.8999955119507359
401856577,867,0.9484683653020326,0.14941690962099125,0.8995257278405207
401856577,868,0.9500998003992016,0.14985380116959066,0.9001229996148055
401856577,869,0.9514480408858603,0.15164835164835164,0.8998998446187543
401856577,870,0.9519502543810062,0.1532258064516129,0.8993622239646967
401856577,871,0.9526360304482662,0.15514705882352942,0.8987444858123683
401856577,872,0.9527824620573356,0.1568483063328424,0.8979670778622466
401856577,873,0.9577106518282988,0.10536585365853658,0.9261723990848811
401856577,874,0.9580573951434879,0.1083984375,0.9248294788217439
401856577,875,0.9590368980612883,0.11187438665358194,0.9235812557038532
401856577,876,0.9600123992560446,0.11439842209072978,0.9228069885826574
401856577,877,0.9609831029185868,0.11630218687872763,0.9223404580199296
401856577,878,0.9619018591892715,0.11811811811811812,0.9218918705355768
401856577,879,0.9628061687329906,0.11971830985915492,0.9215439294369179
401856577,880,0.9638227313837805,0.12108980827447023,0.9213664615546551
401856577,881,0.9644792293798916,0.12259371833839919,0.9209427555207462
401856577,882,0.9648331830477908,0.12271805273833672,0.921057565154727
401856577,883,0.9652069586082783,0.1218274111675127,0.9216897737203829
401856577,884,0.9672243086377603,0.08430913348946135,0.9414575875741495
401856577,885,0.9671907040328093,0.08149010477299184,0.9428502996299086
401856577,886,0.9671570304481697,0.07852193995381063,0.9443175452471795
401856577,887,0.9671120246659815,0.07665903890160183,0.9452264928821899
401856577,888,0.9674322934521769,0.07457627118644068,0.946428011132868
401856577,889,0.9674322934521769,0.07270693512304251,0.9473626791645672
401856577,890,0.9674768914755221,0.06969026548672566,0.9488933129943982
401856577,891,0.9672243086377603,0.06885245901639345,0.9491859248106834
401856577,892,0.9672690078418003,0.06818181818181818,0.9495435948299911
401856577,893,0.9676650782845473,0.06766917293233082,0.9499979526761082
401856577,894,0.9681139755766621,0.06823027718550106,0.9499418491955806
401856577,895,0.9682217714672076,0.06907545164718384,0.9495731599100119
401856577,896,0.9683181664981463,0.06969376979936642,0.94931219834939
401856577,897,0.9686868686868687,0.07150368033648791,0.9485915941751903
401856577,898,0.9686552072800809,0.07247899159663866,0.9480881078417212
401856577,899,0.9703422053231939,0.042899408284023666,0.9637213985195852
401856577,900,0.9703647416413373,0.04142011834319527,0.964472311649071
401856577,901,0.9703759969616407,0.040059347181008904,0.9651583248903159
401856577,902,0.9703083365055196,0.03857566765578635,0.9658663344248666
401856577,903,0.9702743902439024,0.03582089552238806,0.9672267473607572
401856577,904,0.9701834862385321,0.03298350824587706,0.9685999889963275
401856577,905,0.9711981566820277,0.030211480362537766,0.9704933381597449
401856577,906,0.9718906430496727,0.0273972602739726,0.97224669138785
401856577,907,0.9725232198142415,0.025954198473282442,0.9732845106704795
401856577,908,0.9727944034201321,0.024464831804281346,0.9741647858079254
401856577,909,0.9727201870615745,0.022970903522205207,0.9748746417696846
401856577,910,0.9722872755659641,0.023006134969325152,0.9746405702983194
401856577,911,0.9718969555035128,0.023076923076923078,0.9744100162132949
401856577,912,0.9711050370948848,0.023112480739599383,0.9739962781776428
401856577,913,0.9702544031311154,0.02321981424148607,0.9735172944448147
401856577,914,0.96953125,0.02332814930015552,0.9731015503499223
401856577,915,0.9695431472081218,0.023510971786833857,0.973016087710644
401856577,916,0.969921875,0.022151898734177215,0.9738849881329115
401856577,917,0.9706112852664577,0.02066772655007949,0.9749717793581891
401856577,918,0.9709347996857817,0.019138755980861243,0.9758980218524602
401856577,919,0.9717203456402199,0.017628205128205128,0.9770460702560073
401856577,920,0.9724950884086444,0.017543859649122806,0.9774756143797607
401856577,921,0.9732072498029944,0.017432646592709985,0.9778873016051423
401856577,922,0.9777874564459931,0.02010968921389397,0.9788388836160495
401856577,923,0.9769665362885702,0.021897810218978103,0.9775343630347961
401856577,924,0.9761491760624458,0.023722627737226276,0.9762132741626097
401856577,925,0.9753032928942807,0.027522935779816515,0.973890178557232
401856577,926,0.9748263888888888,0.03130755064456722,0.9717594191221608
401856577,927,0.9747606614447345,0.033210332103321034,0.9707751646707068
401856577,928,0.9746724890829694,0.034990791896869246,0.9698408485930501
401856577,929,0.9745948313622427,0.034990791896869246,0.9698020197326866
401856577,930,0.9753846153846154,0.03505535055350553,0.970164632415555
401856577,931,0.9762114537444934,0.03505535055350553,0.9705780515954939
401856577,932,0.9770824151608638,0.03302752293577982,0.972027446112542
401856577,933,0.9775528169014085,0.03272727272727273,0.9724127720870679
401856577,934,0.9775231379462318,0.03260869565217391,0.9724572211470289
401856577,935,0.9774635439681838,0.03260869565217391,0.9724274241580049
401856577,936,0.9778368794326241,0.03423423423423423,0.9718013225991949
401856577,937,0.977728285077951,0.0374331550802139,0.9701475649988685
401856577,938,0.9763498438197233,0.042328042328042326,0.9670109007458405
401856577,939,0.975402504472272,0.04712041884816754,0.9641410428120523
401856577,940,0.9744623655913979,0.050347222222222224,0.9620575716845878
401856577,941,0.9735544598834603,0.0535405872193437,0.9600069363320582
401856577,942,0.9727191413237924,0.05660377358490566,0.9580576838694435
401856577,943,0.9719126170307624,0.059726962457337884,0.9560928272867122
401856577,944,0.9715175789942145,0.06132879045996593,0.9550943942671243
401856577,945,0.9724444444444444,0.06132879045996593,0.9555578269922392
401856577,946,0.9728888888888889,0.061224489795918366,0.9558321995464854
401856577,947,0.9702930549979928,0.08672086720867209,0.9417860938946603
401856577,948,0.970729751403368,0.08513513513513514,0.9427973081341164
401856577,949,0.9711769415532426,0.08355795148247978,0.9438094950353815
401856577,950,0.9715886354541817,0.08086253369272237,0.9453630508807297
401856577,951,0.9716566866267465,0.07816711590296496,0.9467447853618908
401856577,952,0.9717244125846276,0.07442489851150202,0.9486497570365628
401856577,953,0.9717918156535558,0.07065217391304347,0.9505698208702562
401856577,954,0.9718365727885759,0.06693989071038252,0.9524483410390967
401856577,955,0.971473851030111,0.06602475928473177,0.9527245458726896
401856577,956,0.9710891089108911,0.06657420249653259,0.9522574532071792
401856577,957,0.9706930693069307,0.06843575418994413,0.9511286575584933
401856577,958,0.965385946694358,0.0860091743119266,0.9396883861912158
401856577,959,0.9654576856649395,0.08786127167630058,0.9387982069943195
401856577,960,0.9655291278869356,0.08984830805134189,0.9378404099177968
401856577,961,0.9656593406593407,0.09176470588235294,0.9369473173884939
401856577,962,0.9661190965092402,0.0924170616113744,0.9368510174489328
401856577,963,0.9665414817343804,0.09263657957244656,0.9369524510809669
401856577,964,0.9665757162346521,0.0937129300118624,0.9364313931113948
401856577,965,0.9662461643368565,0.09252669039145907,0.9368597369726988
401856577,966,0.9662346521145976,0.09123222748815166,0.9375012123132229
401856577,967,0.9661885245901639,0.089728453364817,0.9382300356126734
401856577,968,0.9661190965092402,0.08823529411764706,0.9389419011957966
401856577,969,0.9660842754367934,0.08675263774912075,0.9396658188438363
401856577,970,0.9661074974323862,0.08568075117370892,0.9402133731293387
401856577,971,0.9662346521145976,0.08323563892145369,0.9414995065965719
401856577,972,0.9663722826086957,0.08304093567251462,0.9416656734680906
401856577,973,0.9667909183327685,0.08381839348079162,0.9414862624259884
401856577,974,0.9672075726842461,0.08488372093023255,0.9411619258770068
401856577,975,0.9676331759946055,0.08574739281575898,0.9409428915894233
401856577,976,0.9680349932705249,0.08640552995391705,0.940814731658304
401856577,977,0.9677635997313633,0.08561643835616438,0.9410735806875994
401856577,978,0.967460583696746,0.08418657565415244,0.9416370040212968
401856577,979,0.9728163992869875,0.05811965811965812,0.9573483705836647
401856577,980,0.9732501114578689,0.05912162162162162,0.9570642449181237
401856577,981,0.9736842105263158,0.06010016694490818,0.9567920217907038
401856577,982,0.9741532976827094,0.05950413223140496,0.9573245827256522
401856577,983,0.9745762711864406,0.058919803600654665,0.957828233792893
401856577,984,0.9746102449888642,0.05825242718446602,0.958178908902199
401856577,985,0.974756421612046,0.05787781350482315,0.9584393040536114
401856577,986,0.974934036939314,0.05741626794258373,0.9587588844983652
401856577,987,0.974716652136007,0.056962025316455694,0.9588773134097757
401856577,988,0.9745470232959448,0.0565149136577708,0.9590160548190869
401856577,989,0.9743699273814609,0.05625,0.9590599636907304
401856577,990,0.9742616033755275,0.056074766355140186,0.9590934185101936
401856577,991,0.9740910990388634,0.05625,0.9589205495194317
401856577,992,0.9738480697384807,0.05625,0.9587990348692403
401856577,993,0.9736082474226804,0.054858934169279,0.9593746566267007
401856577,994,0.9740953947368421,0.05354330708661417,0.960276043825114
401856577,995,0.9744750926307122,0.05379746835443038,0.9603388121381409
401856577,996,0.9642735624362028,0.07547169811320754,0.9444009321614977
401856577,997,0.964661909616038,0.0759493670886076,0.9443562712637152
401856577,998,0.9650492025788938,0.07635206786850478,0.9443485673551946
401856577,999,0.9654354456116571,0.07577374599786553,0.9448308498068958
401856577,1000,0.9657859078590786,0.07667731629392971,0.9445542957825744
401856577,1001,0.9660556687033266,0.07765957446808511,0.9441980471176208
401856577,1002,0.9663494221617946,0.07855626326963906,0.9438965794460779
401856577,1003,0.9660095173351462,0.07936507936507936,0.9433222189850334
401856577,1004,0.9656111678583589,0.07983193277310924,0.9428896175426249
401856577,1005,0.9652114597544338,0.08029197080291971,0.942459744475757
401856577,1006,0.9648823729969315,0.08066184074457083,0.9421102661261803
401856577,1007,0.9646017699115044,0.0804953560371517,0.9420532069371763
401856577,1008,0.9640434192672999,0.0804953560371517,0.941774031615074
401856577,1009,0.9634146341463414,0.08161157024793389,0.9409015319492038
401856577,1010,0.9637411047102677,0.08290155440414508,0.9404197751530614
401856577,1011,0.9776936026936027,0.0672,0.9552468013468014
401856577,1012,0.9785534062237174,0.06984126984126984,0.9543560681912238
401856577,1013,0.9794290512174643,0.07232704402515723,0.9535510035961535
401856577,1014,0.9803182579564489,0.07332293291731669,0.9534976625195661
401856577,1015,0.9807531380753138,0.07453416149068323,0.9531094882923152
401856577,1016,0.9811794228356336,0.07573415765069552,0.952722632592469
401856577,1017,0.9815822519882796,0.07680491551459294,0.9523886682368434
401856577,1018,0.9820083682008368,0.07492354740061162,0.9535424104001127
401856577,1019,0.9820008371703641,0.0732824427480916,0.9543591972111363
401856577,1020,0.9819630872483222,0.07186544342507645,0.9550488219116229
401856577,1021,0.9819251786464901,0.07186544342507645,0.9550298676107067
401856577,1022,0.9819023569023569,0.07208588957055215,0.9549082336659024
401856577,1023,0.9819023569023569,0.07219662058371736,0.9548528681593198
401856577,1024,0.9819023569023569,0.07219662058371736,0.9548528681593198
401856577,1025,0.9818718381112985,0.07373271889400922,0.9540695596086446
401856577,1026,0.9818104906937394,0.07503828483920368,0.9533861029272679
401856577,1027,0.9817796610169491,0.0764525993883792,0.952663530814285
401856577,1028,0.9817564700890963,0.0764525993883792,0.9526519353503585
401856577,1029,0.9817873782295637,0.07774390243902439,0.9520217378952697
401856577,1030,0.9818104906937394,0.07938931297709924,0.95121058885832
401856577,1031,0.9817719372615515,0.08091603053435115,0.9504279533636002
401856577,1032,0.9817564700890963,0.08256880733944955,0.9495938313748233
401856577,1033,0.9817719372615515,0.0847457627118644,0.9485130872748435
401856577,1034,0.9817409766454352,0.08695652173913043,0.9473922274531524
401856577,1035,0.981709910676308,0.0890625,0.9463237053381539
401856577,1036,0.9812126387702819,0.08934169278996865,0.9459354729901566
401856577,1037,0.9807032590051458,0.0877742946708464,0.9464644821671497
401856577,1038,0.9802320584443489,0.08675078864353312,0.9467406349004079
401856577,1039,0.979776247848537,0.08571428571428572,0.9470309810671256
401856577,1040,0.979328165374677,0.08412698412698413,0.9476005906238465
401856577,1041,0.978906586310805,0.08227848101265822,0.9483140526490734
401856577,1042,0.9784668389319552,0.08018867924528301,0.9491390798433361
401856577,1043,0.9784296807592753,0.078003120124805,0.9502132803172352
401856577,1044,0.9783830523130134,0.07751937984496124,0.950431836234026
401856577,1045,0.978345604157644,0.07704160246533127,0.9506520008461563
401856577,1046,0.9783174327840416,0.07598784194528875,0.9511647954193765
401856577,1047,0.978232477144101,0.07530120481927711,0.9514656361624119
401856577,1048,0.9781945050152638,0.07473841554559044,0.9517280447348366
401856577,1049,0.978232477144101,0.0744047619047619,0.9519138576196695
401856577,1050,0.9783174327840416,0.07291666666666667,0.9527003830586875
401856577,1051,0.9784668389319552,0.07227138643067847,0.9530977262506384
401856577,1052,0.9786142001710864,0.07111756168359942,0.9537483192437435
401856577,1053,0.9787414965986394,0.0703012912482066,0.9542201026752164
401856577,1054,0.978920741989882,0.06940509915014165,0.9547578214198702
401856577,1055,0.9790532048596565,0.06853146853146853,0.955260868164094
401856577,1056,0.9790882475951485,0.0677731673582296,0.9556575401184595
401856577,1057,0.9791057250313414,0.06839945280437756,0.9553531361134819
401856577,1058,0.9791144527986633,0.06830601092896176,0.9554042209348508
401856577,1059,0.9791144527986633,0.0684931506849315,0.9553106510568659
401856577,1060,0.9790532048596565,0.06740027510316368,0.9558264648782464
401856577,1061,0.97896508203618,0.06620689655172414,0.956379092742228
401856577,1062,0.9789118515394348,0.06509695290858726,0.9569074493154237
401856577,1063,0.9792811839323468,0.06415620641562064,0.957562488758363
401856577,1064,0.9796954314720813,0.06320224719101124,0.958246592140535
401856577,1065,0.9801100296233601,0.06205923836389281,0.9590253956297337
401856577,1066,0.9801268498942918,0.06064880112834979,0.959739024382971
401856577,1067,0.9802021903959562,0.06056338028169014,0.959819405057133
401856577,1068,0.980276961812841,0.06064880112834979,0.9598140803422456
401856577,1069,0.980326496442026,0.06073446327683616,0.959796016582595
401856577,1070,0.98,0.06064880112834979,0.959675599435825
401856577,1071,0.9796173044925125,0.06064880112834979,0.9594842516820814
401856577,1072,0.9792013311148087,0.06073446327683616,0.9592334339189863
401856577,1073,0.9796257796257797,0.06125356125356125,0.9591861091861091
401856577,1074,0.9800664451827242,0.0618705035971223,0.9590979707928009
401856577,1075,0.9805221715706589,0.06222865412445731,0.9591467587231008
401856577,1076,0.9809917355371901,0.062409288824383166,0.9592912233564035
401856577,1077,0.9814356435643564,0.0625,0.9594678217821782
401856577,1078,0.9818855496088925,0.06259097525473072,0.9596472871770809
401856577,1079,0.9819524200164069,0.06268221574344024,0.9596351021364833
401856577,1080,0.9819746005735355,0.0625,0.9597373002867677
401856577,1081,0.9819819819819819,0.06222865412445731,0.9598766639287624
401856577,1082,0.9819450143619204,0.06222865412445731,0.9598581801187316
401856577,1083,0.9819301848049281,0.06222865412445731,0.9598507653402354
401856577,1084,0.9819450143619204,0.062409288824383166,0.9597678627687687
401856577,1085,0.9815422477440525,0.06259097525473072,0.9594756362446609
401856577,1086,0.9819376026272578,0.06259097525473072,0.9596733136862636
401856577,1087,0.9815422477440525,0.06277372262773723,0.9593842625581577
401856577,1088,0.9811320754716981,0.0629575402635432,0.9590872676040775
401856577,1089,0.9807455960671856,0.06286549707602339,0.9589400494955811
401856577,1090,0.9803359278984023,0.06277372262773723,0.9587811026353326
401856577,1091,0.9799180327868853,0.06259097525473072,0.9586635287660773
401856577,1092,0.979926259729619,0.06231884057971015,0.9588037095749544
401856577,1093,0.9795249795249795,0.06222865412445731,0.9586481627002611
401856577,1094,0.9795081967213115,0.06195965417867435,0.9587742712713185
401856577,1095,0.9798767967145791,0.0617816091954023,0.9590475937595884
401856577,1096,0.9798602548294287,0.06160458452722063,0.9591278351511041
401856577,1097,0.9798353909465021,0.06142857142857143,0.9592034097589653
401856577,1098,0.979818780889621,0.06099290780141844,0.9594129365441013
401856577,1099,0.9797854785478548,0.06064880112834979,0.9595683387097524
401856577,1100,0.9797353184449958,0.06022408963585434,0.9597556144045707
401856577,1101,0.9796849087893864,0.05988857938718663,0.9598981647010999
401856577,1102,0.979253112033195,0.05955678670360111,0.959848162664797
401856577,1103,0.9792272538429581,0.059474412171507604,0.9598764208357252
401856577,1104,0.9791840133222315,0.05939226519337017,0.9598958740644307
401856577,1105,0.9791318864774624,0.059722222222222225,0.95970483212762
401856577,1106,0.9790969899665551,0.05988857938718663,0.9596042052896843
401856577,1107,0.9790794979079498,0.05988857938718663,0.9595954592603816
401856577,1108,0.9790707408957723,0.059805285118219746,0.9596327278887763
401856577,1109,0.9790444258172674,0.059474412171507604,0.9597850068228799
401856577,1110,0.979454926624738,0.058823529411764705,0.9603156986064867
401856577,1111,0.979874213836478,0.05834464043419267,0.9607647867011426
401856577,1112,0.9803017602682313,0.05756358768406961,0.9613690862920808
401856577,1113,0.9807611877875366,0.05680317040951123,0.9619790086890128
401856577,1114,0.9811951525282073,0.05613577023498695,0.9625296911466101
401856577,1115,0.9812343619683069,0.055627425614489,0.962803468176909
401856577,1116,0.9812889812889813,0.055198973042362,0.9630450041233096
401856577,1117,0.9805302402651201,0.05491698595146871,0.9628066271568257
401856577,1118,0.9797854785478548,0.05443037974683544,0.9626775494005098
401856577,1119,0.978995057660626,0.05415617128463476,0.9624194431879955
401856577,1120,0.9781533388293487,0.05402010050251256,0.9620666191634181
401856577,1121,0.9773008666941808,0.052830188679245285,0.9622353390074678
401856577,1122,0.9772727272727273,0.05157232704402516,0.9628502001143511
401856577,1123,0.9776212184003316,0.05044136191677175,0.9635899282417799
401856577,1124,0.9783333333333334,0.0493046776232617,0.9645143278550359
401856577,1125,0.9790180444817457,0.048162230671736375,0.9654279069050047
401856577,1126,0.9797382861967074,0.04713375796178344,0.966302264117462
401856577,1127,0.9805002119542179,0.046094750320102434,0.9672027308170577
401856577,1128,0.9817409766454352,0.046153846153846156,0.9677935652457945
401856577,1129,0.9825754356141096,0.046153846153846156,0.9682107947301317
401856577,1130,0.9830004249893752,0.046153846153846156,0.9684232894177645
401856577,1131,0.9830292745014849,0.04621309370988447,0.9684080903958002
401856577,1132,0.9830866807610994,0.04645161290322581,0.9683175339289367
401856577,1133,0.9835996635828427,0.04657179818887452,0.968513932696984
401856577,1134,0.9840937630807869,0.04657179818887452,0.9687609824459562
401856577,1135,0.9841402337228714,0.046753246753246755,0.9686934934848124
401856577,1136,0.9841930116472546,0.04712041884816754,0.9685362963995435
401856577,1137,0.984251968503937,0.046235138705416116,0.9690084148992605
401856577,1138,0.9847359735973598,0.045272969374167776,0.969731502111596
401856577,1139,0.9852216748768473,0.04417670682730924,0.970522484024769
401856577,1140,0.9856850715746421,0.0428380187416332,0.9714235264165045
401856577,1141,0.9857259380097879,0.04155495978552279,0.9720854891121326
401856577,1142,0.9853479853479854,0.040106951871657755,0.9726205167381639
401856577,1143,0.9853658536585366,0.03861517976031957,0.9733753369491085
401856577,1144,0.9854251012145749,0.03851261620185923,0.9734562425063579
401856577,1145,0.9854662898667743,0.03835978835978836,0.973553250753493
401856577,1146,0.9855130784708249,0.03805774278215223,0.9737276678443363
401856577,1147,0.9757688723205965,0.06916666666666667,0.9533011028269649
401856577,1148,0.9758439145246206,0.06910907577019151,0.9533674193772146
401856577,1149,0.9758961681087762,0.06905158069883527,0.9534222937049706
401856577,1150,0.9759333539031163,0.06936416184971098,0.9532845960267027
401856577,1151,0.9760073823438942,0.06938775510204082,0.9533098136209267
401856577,1152,0.976044226044226,0.068714632174616,0.953664796934805
401856577,1153,0.9758039816232772,0.068,0.9539019908116386
401856577,1154,0.9755725190839695,0.0679304897314376,0.953821014676266
401856577,1155,0.9753499695678637,0.06796875,0.9536906097839318
401856577,1156,0.9751515151515151,0.06765163297045101,0.953749941090532
401856577,1157,0.9749547374773687,0.06744186046511629,0.9537564385061262
401856577,1158,0.9747444377630787,0.06744186046511629,0.9536512886489812
401856577,1159,0.9745585154145465,0.06749418153607448,0.953532166939236
401856577,1160,0.9746722288438617,0.06770428015564202,0.9534839743441099
401856577,1161,0.9747774480712166,0.06708268330733229,0.9538473823819422
401856577,1162,0.975103734439834,0.06656225528582616,0.9542707395770039
401856577,1163,0.9753855278766311,0.06577916992952232,0.9548031789735545
401856577,1164,0.9756820877817319,0.06504702194357367,0.9553175329190791
401856577,1165,0.9762470308788599,0.06426332288401254,0.9559918539974237
401856577,1166,0.9771377672209026,0.0640625,0.9565376336104513
401856577,1167,0.9779827432311812,0.06391270459859703,0.9570350193162921
401856577,1168,0.9788375558867363,0.06489444878811572,0.9569715535493103
401856577,1169,0.9791044776119403,0.06593406593406594,0.9565852058389372
401856577,1170,0.9793968348760824,0.06782334384858044,0.955786745513751
401856577,1171,0.9796772265391512,0.06978588421887391,0.9549456711601387
401856577,1172,0.9796772265391512,0.07194244604316546,0.9538673902479928
401856577,1173,0.9793783622235505,0.07326892109500806,0.9530547205642712
401856577,1174,0.9791044776119403,0.07431340872374798,0.9523955344440962
401856577,1175,0.9787806335923491,0.07431340872374798,0.9522336124343005
401856577,1176,0.978786973409023,0.07506053268765134,0.9518632203606858
401856577,1177,0.9784817692767483,0.0757453666398066,0.9513682013184709
401856577,1178,0.9784560143626571,0.07642799678197908,0.9510140087903389
401856577,1179,0.9784301977231875,0.07673860911270983,0.9508457943052389
401856577,1180,0.9784043191361728,0.07729083665338646,0.9505567412413931
401856577,1181,0.9783588818755635,0.07808764940239044,0.9501356162365866
401856577,1182,0.9783393501805054,0.07827476038338659,0.9500322948985594
401856577,1183,0.9783263094521373,0.07772435897435898,0.9503009752388891
401856577,1184,0.9786273329319687,0.07735697018533441,0.9506351813733172
401856577,1185,0.9786466165413534,0.07698541329011345,0.95083060162562
401856577,1186,0.9783588818755635,0.07660961695191525,0.9508746324618241
401856577,1187,0.978058310790502,0.07534807534807535,0.9513551177212134
401856577,1188,0.9774842389672771,0.07413509060955518,0.951674574178861
401856577,1189,0.9769046190761848,0.07349298100743187,0.9517058190343765
401856577,1190,0.9763047390521895,0.07278742762613731,0.9517586557130261
401856577,1191,0.9756756756756757,0.07113316790736146,0.9522712538841571
401856577,1192,0.9750675878642235,0.06947890818858561,0.9527943398378189
401856577,1193,0.9747899159663865,0.06782464846980976,0.9534826337482885
401856577,1194,0.974505098980204,0.06694214876033058,0.9537814751099367
401856577,1195,0.9747292418772563,0.06661184210526316,0.9540586998859966
401856577,1196,0.9749244712990937,0.06612244897959184,0.954401011159751
401856577,1197,0.9744591346153846,0.06763285024154589,0.9534131421869194
401856577,1198,0.9740220961481039,0.0698967434471803,0.9520626763504618
401856577,1199,0.944768178363314,0.09142857142857143,0.9266698034673713
401856577,1200,0.9455054749172396,0.08983050847457627,0.9278374832213316
401856577,1201,0.946360153256705,0.08841634023503078,0.928971906510837
401856577,1202,0.9476923076923077,0.0867630700778643,0.9304646188072216
401856577,1203,0.9491875161207118,0.08490566037735849,0.9321409278716767
401856577,1204,0.9492006188757092,0.08444444444444445,0.9323780872156324
401856577,1205,0.949239886627158,0.08398220244716352,0.9326288420899973
401856577,1206,0.949239886627158,0.08365867261572783,0.932790607005715
401856577,1207,0.9491875161207118,0.0833799664241746,0.9329037748482687
401856577,1208,0.9492006188757092,0.08309938236945537,0.9330506182531269
401856577,1209,0.9491875161207118,0.08338028169014085,0.9329036172152855
401856577,1210,0.949135037438678,0.08361581920903954,0.9327596091148193
401856577,1211,0.9491875161207118,0.083710407239819,0.9327385544404464
401856577,1212,0.949239886627158,0.08394781622234827,0.9326460352024049
401856577,1213,0.9493312757201646,0.08456299659477866,0.9323841395626931
401856577,1214,0.9492567913890313,0.08508224617129892,0.9320872726088663
401856577,1215,0.9491568727644354,0.08555240793201133,0.9318022324162121
401856577,1216,0.9491094147582697,0.08644067796610169,0.931334368396084
401856577,1217,0.9491268033409264,0.08680947012401354,0.9311586666084564
401856577,1218,0.9493192133131618,0.08690744920993228,0.9312058820516147
401856577,1219,0.949937106918239,0.08690744920993228,0.9315148288541533
401856577,1220,0.9505770195684897,0.08624577226606539,0.9321656236512121
401856577,1221,0.9514392991239049,0.08582721626199886,0.932806041430953
401856577,1222,0.9523096129837703,0.08644067796610169,0.9329344675088342
401856577,1223,0.953187250996016,0.08648954211418881,0.9333488544409136
401856577,1224,0.9540029835902536,0.08710407239819004,0.9334494555960318
401856577,1225,0.9543084181773032,0.08813559322033898,0.9330864124784821
401856577,1226,0.9541965833127012,0.0884009009009009,0.9328978412059001
401856577,1227,0.9540627315386515,0.08881394041596402,0.9326243955613438
401856577,1228,0.9539181862986693,0.08892617449664429,0.9324960059010126
401856577,1229,0.9537287718434654,0.08812046848856665,0.9328041516774493
401856577,1230,0.95330548046203,0.08756274400446179,0.9328713682287841
401856577,1231,0.9533971057149865,0.08695652173913043,0.933220291987928
401856577,1232,0.9537218413320274,0.08574610244988864,0.9339878694410694
401856577,1233,0.9540342298288509,0.08523676880222841,0.9343987305133112
401856577,1234,0.9540454656563188,0.08477412158393753,0.9346356720361906
401856577,1235,0.9540791402051783,0.08440469536053662,0.9348372224223208
401856577,1236,0.954278728606357,0.083986562150056,0.9351460832281505
401856577,1237,0.9549681840430739,0.0833799664241746,0.9357941088094497
401856577,1238,0.9556589906908378,0.08272778088317496,0.9364656049038314
401856577,1239,0.956607011522432,0.08272778088317496,0.9369396153196285
401856577,1240,0.9576771653543307,0.08235948803561491,0.9376588386593578
401856577,1241,0.9588061174148989,0.08190370780298838,0.9384512048059552
401856577,1242,0.9599307444966609,0.08213891951488424,0.9388959124908883
401856577,1243,0.9608717186726102,0.08191313908741067,0.9394792897925998
401856577,1244,0.9615480029769288,0.08223684210526316,0.9396555804358329
401856577,1245,0.9615384615384616,0.08310552214324768,0.9392164696976069
401856577,1246,0.9612807148175726,0.08496732026143791,0.9381566972780673
401856577,1247,0.9613670133729569,0.0868377935554342,0.9372646099087614
401856577,1248,0.9619000494804553,0.08881578947368421,0.9365421300033856
401856577,1249,0.9622035573122529,0.08951125755079627,0.9363461498807284
401856577,1250,0.9627620221948212,0.09020902090209021,0.9362765006463655
401856577,1251,0.9633004926108374,0.09055770292655992,0.9363713948421387
401856577,1252,0.9640305493964031,0.09065628476084539,0.9366871323177788
401856577,1253,0.9647261963492847,0.0894854586129754,0.9376203688681546
401856577,1254,0.9648862512363996,0.0892756878158338,0.9378052817102829
401856577,1255,0.9648253653703245,0.088351153629713,0.9382371058703057
401856577,1256,0.9650384329283412,0.088351153629713,0.9383436396493141
401856577,1257,0.9650297619047619,0.088351153629713,0.9383393041375244
401856577,1258,0.964951528709918,0.08805384183959619,0.9384488434351609
401856577,1259,0.9648729446935725,0.08807134894091416,0.9384007978763291
401856577,1260,0.9647588102974256,0.08874098724348309,0.9380089115269712
401856577,1261,0.9646616541353383,0.08930540242557883,0.9376781258548798
401856577,1262,0.9765836085259681,0.07254623044096728,0.9520186890425004
401856577,1263,0.9766046790641871,0.07092198581560284,0.9528413466242922
401856577,1264,0.9766187050359713,0.06950354609929078,0.9535575794683402
401856577,1265,0.9766116941529236,0.06818181818181818,0.9542149379855527
401856577,1266,0.9766397124887691,0.06623931623931624,0.9552001981247265
401856577,1267,0.9766746411483254,0.06504646175839886,0.9558140896949632
401856577,1268,0.9770011947431302,0.06384505021520803,0.9565780722639611
401856577,1269,0.9773202029245002,0.06384505021520803,0.9567375763546461
401856577,1270,0.9776519666269369,0.06375358166189111,0.9569491924825229
401856577,1271,0.9785714285714285,0.06433166547533953,0.9571198815480445
401856577,1272,0.9795434331455678,0.06513958482462419,0.9572019241604718
401856577,1273,0.9804791481810116,0.06642857142857143,0.95702528837622
401856577,1274,0.9814432989690721,0.06780870806566738,0.9568172954517024
401856577,1275,0.9820956853536836,0.06995003568879372,0.9560728248324449
401856577,1276,0.9827434922491957,0.07147962830593281,0.9556319319716314
401856577,1277,0.9833722287047841,0.0732232591529074,0.9550744847759384
401856577,1278,0.9833770778652668,0.07420749279538905,0.9545847925349389
401856577,1279,0.9833722287047841,0.07385952208544533,0.9547563533096695
401856577,1280,0.9833964462569181,0.07361516034985423,0.954890642953532
401856577,1281,0.983144434757338,0.07252747252747253,0.9553084811149328
401856577,1282,0.9829282407407407,0.07079646017699115,0.9560658902818748
401856577,1283,0.9826889786497404,0.06988847583643122,0.9564002514066545
401856577,1284,0.9824460431654676,0.06870799103808813,0.9568690260636897
401856577,1285,0.9825114678899083,0.06746626686656672,0.9575226005116708
401856577,1286,0.982546494992847,0.06796116504854369,0.9572926649721516
401856577,1287,0.9828326180257511,0.06845238095238096,0.9571901185366851
401856577,1288,0.983109075293444,0.07057949479940565,0.9562647902470192
401856577,1289,0.983926521239954,0.0725925925925926,0.9556669643236808
401856577,1290,0.9720194647201946,0.10934937124111536,0.9313350467395396
401856577,1291,0.9733591668684911,0.11020185488270595,0.9315786559928926
401856577,1292,0.9739067407586374,0.11092896174863388,0.9314888895050017
401856577,1293,0.9741420976317061,0.11232279171210469,0.9309096529598007
401856577,1294,0.9741170778906628,0.11322808927599347,0.9304444943073347
401856577,1295,0.9738372093023255,0.11444141689373297,0.9296978962042963
401856577,1296,0.9730843840931135,0.11584699453551912,0.9286186947787971
401856577,1297,0.9721279689772176,0.11726027397260275,0.9274338475023074
401856577,1298,0.9711794623395495,0.11835616438356164,0.9264116489779939
401856577,1299,0.9702323330106486,0.11893071467539552,0.9256508091676265
401856577,1300,0.9690746557139406,0.1180327868852459,0.9255209344143474
401856577,1301,0.9681697612732095,0.11693989071038251,0.9256149352814136
401856577,1302,0.9674855491329479,0.11591033351558229,0.9257876078086829
401856577,1303,0.9672447013487476,0.11530054644808743,0.9259720774503302
401856577,1304,0.9677030609785491,0.11450381679389313,0.926599622092328
401856577,1305,0.9683115626511853,0.11335149863760217,0.9274800320067915
401856577,1306,0.9689471130519165,0.11232279171210469,0.9283121606699059
401856577,1307,0.9698736637512148,0.11213935764833968,0.9288671530514375
401856577,1308,0.9708242159008024,0.11195652173913044,0.929433847080836
401856577,1309,0.9715605250364608,0.11153221440173254,0.9300141553173642
401856577,1310,0.9722897423432183,0.11063140852671344,0.9308291669082525
401856577,1311,0.9725194552529183,0.10961123110151189,0.9314541120757032
401856577,1312,0.9725861232411451,0.10864864864864865,0.9319687372962482
401856577,1313,0.9726656990807934,0.10840108401084012,0.9321323075349766
401856577,1314,0.972678916827853,0.10803474484256244,0.9323220859926453
401856577,1315,0.9726656990807934,0.10712343665035345,0.9327711312152199
401856577,1316,0.9726325986921773,0.10609357997823722,0.9332695093569701
401856577,1317,0.9726126999515269,0.10489130434782609,0.9338606978018504
401856577,1318,0.9725994180407371,0.10346695557963163,0.9345662312305527
401856577,1319,0.9725528297303863,0.1025364274150027,0.9350082011576918
401856577,1320,0.9725060827250608,0.10118406889128095,0.9356610069168899
401856577,1321,0.9722492697176242,0.09919571045576407,0.93652677963093
401856577,1322,0.9717761557177615,0.09786096256684491,0.9369575965754583
401856577,1323,0.9717830211627341,0.096051227321238,0.9378658969207481
401856577,1324,0.9717624148003895,0.0943496801705757,0.938706367314907
401856577,1325,0.9717624148003895,0.09351753453772582,0.9391224401313318
401856577,1326,0.9717624148003895,0.09288747346072186,0.9394374706698339
401856577,1327,0.9717624148003895,0.09201480698043363,0.9398738039099779
401856577,1328,0.9717692869311267,0.09177215189873418,0.9399985675161963
401856577,1329,0.9720126551472378,0.09071729957805907,0.9406476777845894
401856577,1330,0.9717830211627341,0.08985200845665962,0.9409655063530372
401856577,1331,0.9715674362089914,0.0881104033970276,0.9417285164059819
401856577,1332,0.9710954578576634,0.08551576696953501,0.9427898454440642
401856577,1333,0.9706595538312318,0.08261802575107297,0.9440207640400795
401856577,1334,0.9699757869249395,0.07911733046286329,0.9454292282310381
401856577,1335,0.969521044992743,0.0749730312837109,0.947274006854516
401856577,1336,0.9688631426502534,0.07165948275862069,0.9486018299458163
401856577,1337,0.9682004336304505,0.0688912809472551,0.9496545763415978
401856577,1338,0.9675714628873409,0.06655931293612453,0.9505060749756082
401856577,1339,0.9671305182341651,0.06420545746388442,0.9514625303851403
401856577,1340,0.9666986104456157,0.06203208556149733,0.9523332624420592
401856577,1341,0.9670014347202296,0.060460139111824504,0.9532706478042026
401856577,1342,0.9727224576271186,0.05211952744961779,0.9603014650887505
401856577,1343,0.9729586426299046,0.05062413314840499,0.9611672547407498
401856577,1344,0.9731810939989378,0.04861111111111111,0.9622849914439133
401856577,1345,0.9731597129949509,0.04861111111111111,0.9622743009419199
401856577,1346,0.9731597129949509,0.048678720445062586,0.9622404962749441
401856577,1347,0.9733901011176157,0.048644892286309936,0.9623726044156529
401856577,1348,0.9738945125199787,0.05062413314840499,0.9616351896857869
401856577,1349,0.9744204636290967,0.05259515570934256,0.9609126539598771
401856577,1350,0.9749866950505588,0.055248618784530384,0.9598690381330142
401856577,1351,0.975609756097561,0.05785123966942149,0.9588792582140697
401856577,1352,0.9764550264550265,0.059670781893004114,0.9583921222810112
401856577,1353,0.9770327349524816,0.061391541609822645,0.9578205966713295
401856577,1354,0.9773624638062648,0.06313645621181263,0.9571130037972261
401856577,1355,0.9766404199475066,0.06296547054840894,0.9568374746995488
401856577,1356,0.9759288330716902,0.062120189061444966,0.9569043220051225
401856577,1357,0.9754633255024797,0.06140350877192982,0.9570299083652749
401856577,1358,0.974960876369327,0.06186953597848016,0.9565456701954234
401856577,1359,0.9698184390473945,0.07587433313574392,0.9469720529558253
401856577,1360,0.9693540782649693,0.0761904761904762,0.9465818010372467
401856577,1361,0.9688532326569136,0.07573047107930829,0.9465613807888027
401856577,1362,0.9687647893989588,0.0761904761904762,0.9462871566042413
401856577,1363,0.9689647003079839,0.0768775872264932,0.9460435565407453
401856577,1364,0.9691138037538608,0.07692307692307693,0.9460953634153919
401856577,1365,0.9690549869078791,0.07683352735739232,0.9461107297752434
401856577,1366,0.9692637598284489,0.07727797001153403,0.9459928949084575
401856577,1367,0.969509290138161,0.07714285714285714,0.9461832164976519
401856577,1368,0.9695672848311936,0.07766439909297052,0.9459514428691116
401856577,1369,0.9699123430466714,0.07839819514946418,0.9457570739486036
401856577,1370,0.9699905482041588,0.07921348314606741,0.9453885325290456
401856577,1371,0.9699530516431925,0.07950727883538634,0.9452228864039031
401856577,1372,0.9698598130841122,0.07928531546621999,0.9452872488089461
401856577,1373,0.9697533736621684,0.078125,0.9458141868310842
401856577,1374,0.9695914577530177,0.07675194660734148,0.9464197555728381
401856577,1375,0.9700765483646486,0.07602663706992231,0.9470249556473631
401856577,1376,0.9703016241299304,0.0752628666297731,0.9475193787500786
401856577,1377,0.9705609643022717,0.07446221731936017,0.9480493734914557
401856577,1378,0.9765895953757225,0.0493642483171279,0.9636126735292974
401856577,1379,0.9766301211771494,0.0481203007518797,0.9642549102126349
401856577,1380,0.9766839378238342,0.04675716440422323,0.9649633867098055
401856577,1381,0.9767508610792193,0.0453857791225416,0.9656825409783388
401856577,1382,0.9718049456898544,0.06967882416984214,0.9510630607600061
401856577,1383,0.9718504845408399,0.06948968512486428,0.9511803997079877
401856577,1384,0.9718569780853518,0.06948968512486428,0.9511836464802437
401856577,1385,0.9723311044500808,0.06991869918699187,0.9512062026315444
401856577,1386,0.9722991689750693,0.07030827474310439,0.9509954471159825
401856577,1387,0.972087658592849,0.07008086253369272,0.9510033980295781
401856577,1388,0.9718374884579871,0.07065803667745416,0.9505897258902665
401856577,1389,0.9715541165587419,0.07154384077461,0.950005137892066
401856577,1390,0.9712430426716141,0.07146695325094035,0.9498880447103368
401856577,1391,0.970903165735568,0.0712372790573112,0.9498329433391284
401856577,1392,0.9703478869950969,0.0723085163363685,0.9490196853293642
401856577,1393,0.9700724807107786,0.07341907824222937,0.9483267012342746
401856577,1394,0.9697111998121625,0.07510729613733906,0.9473019518374117
401856577,1395,0.96938294865756,0.07626208378088077,0.9465604324383396
401856577,1396,0.9693106704438149,0.07737775389575496,0.9459664582740299
401856577,1397,0.969510753958875,0.07935656836461126,0.9450770927971319
401856577,1398,0.9695395513577332,0.08100858369098712,0.944265483833373
401856577,1399,0.969525159461375,0.0819935691318328,0.9437657951647711
401856577,1400,0.9696682464454977,0.08257372654155495,0.9435472599519714
401856577,1401,0.9698408928995488,0.08293204922418405,0.9434544218376824
401856577,1402,0.9700071411568674,0.0832443970117396,0.9433813720725639
401856577,1403,0.9699427480916031,0.08368869936034115,0.9431270243656309
401856577,1404,0.9696244917483856,0.0827991452991453,0.9434126732246202
401856577,1405,0.969326623532231,0.08226495726495726,0.9435308331336368
401856577,1406,0.9689978370583994,0.08173076923076923,0.9436335339138151
401856577,1407,0.9584059233449478,0.09950738916256158,0.9294492670911931
401856577,1408,0.959005669428696,0.09980334316617502,0.9296011631312605
401856577,1409,0.9594240837696335,0.10024570024570024,0.9295891917619666
401856577,1410,0.959554000874508,0.10117878192534381,0.9291876094745821
401856577,1411,0.9594742606790799,0.10211094747177221,0.9286816566036539
401856577,1412,0.9594031160851437,0.102890739833415,0.9282561881258644
401856577,1413,0.9592959295929593,0.10381978452497552,0.9277380725339919
401856577,1414,0.9579665492957746,0.10415647921760392,0.9269050350390853
401856577,1415,0.9563972693239374,0.1048780487804878,0.9257596102717248
401856577,1416,0.9550462758924636,0.10500729217306758,0.925019491859698
401856577,1417,0.9537852112676056,0.10518662142510907,0.9242992949212483
401856577,1418,0.952485701715794,0.10541586073500966,0.9235349204903922
401856577,1419,0.9514285714285714,0.10574601641718977,0.9228412775056909
401856577,1420,0.9510428100987925,0.10579710144927536,0.9226228543247585
401856577,1421,0.9512409400395344,0.10554216867469879,0.9228493856824178
401856577,1422,0.9516695957820738,0.10516160154365653,0.9232539971192086
401856577,1423,0.9523076923076923,0.10549132947976879,0.9234081814139617
401856577,1424,0.9529256489221294,0.10566762728146013,0.9236290108203347
401856577,1425,0.9350193834225586,0.14977516430300933,0.8926221095597746
401856577,1426,0.9352637403172261,0.15139993086761147,0.8919319047248073
401856577,1427,0.9353352984524687,0.15259515570934257,0.8913700713715631
401856577,1428,0.9351391192187212,0.1532062391681109,0.8909664400253051
401856577,1429,0.9352107491257132,0.15333796940194716,0.890936389861883
401856577,1430,0.935110294117647,0.15282623866015352,0.8911420277287467
401856577,1431,0.9349623369465369,0.15236427320490367,0.8912990318708166
401856577,1432,0.9351698806244261,0.15165376495425756,0.8917580578350843
401856577,1433,0.9353416605437178,0.15079646017699114,0.8922726001833634
401856577,1434,0.9358337929766501,0.15019621833749555,0.8928187873195773
401856577,1435,0.9369021339220015,0.14983830398850162,0.89353191496675
401856577,1436,0.9376728747925502,0.15014471780028943,0.8937640784961304
401856577,1437,0.9385526559318897,0.15123906705539358,0.8936567944382481
401856577,1438,0.9392644873699851,0.15234948604992657,0.8934575006600293
401856577,1439,0.9399813606710159,0.1532496307237814,0.8933658649736173
401856577,1440,0.9405829596412556,0.15410323059784628,0.8932398645217047
401856577,1441,0.9406589292399851,0.154132539091586,0.8932631950741996
401856577,1442,0.9406572769953052,0.15528182157521464,0.8926877277100453
401856577,1443,0.940677966101695,0.1561449383638401,0.8922665138689274
401856577,1444,0.94062205466541,0.15637860082304528,0.8921217269211824
401856577,1445,0.9404223227752639,0.15560554930633672,0.8924083867344637
401856577,1446,0.9398226749669873,0.1561324303987961,0.8918451222840956
401856577,1447,0.9393767705382436,0.1569811320754717,0.891197819231386
401856577,1448,0.9393653192293162,0.15891032917139614,0.89022749502896
401856577,1449,0.939256744010564,0.15959059893858984,0.8898330725359871
401856577,1450,0.9391140433553251,0.16057838660578386,0.8892678283747706
401856577,1451,0.9392057218144174,0.16158536585365854,0.8888101779803794
401856577,1452,0.939262880782249,0.1630558722919042,0.8881035042451724
401856577,1453,0.9395418700713482,0.1634433067880167,0.8880492816416657
401856577,1454,0.9395357543991014,0.16389099167297502,0.8878223813630632
401856577,1455,0.9396487294469357,0.1621315192743764,0.8887586050862797
401856577,1456,0.9395635142697258,0.1604237608777904,0.8895698766959677
401856577,1457,0.9396648044692737,0.15809379727685324,0.8907855035962102
401856577,1458,0.9396984924623115,0.1562618236852062,0.8917183343885526
401856577,1459,0.9399628252788104,0.1547212741751991,0.8926207755518056
401856577,1460,0.9400964391691394,0.15358361774744028,0.8932564107108496
401856577,1461,0.9401851851851852,0.15172152856602344,0.8942318283095809
401856577,1462,0.9397189349112426,0.15073668303740084,0.8944911259369208
401856577,1463,0.9394945581995942,0.14956783164223975,0.8949633632786772
401856577,1464,0.9392488954344624,0.14973861090365945,0.8947551422654014
401856577,1465,0.9387529887805776,0.14955357142857142,0.8945997086760031
401856577,1466,0.9380514705882353,0.14879406307977736,0.894628703754229
401856577,1467,0.9373046515903659,0.14783253056687662,0.8947360605117447
401856577,1468,0.9366948840633051,0.1472005932517612,0.8947471454057719
401856577,1469,0.9362681893534721,0.1468298109010011,0.8947191892262355
401856577,1470,0.9353049907578558,0.14662212323682258,0.8943414337605167
401856577,1471,0.9344475394614671,0.1452991452991453,0.8945741970811609
401856577,1472,0.9338180462341537,0.1434410999628391,0.8951884731356573
401856577,1473,0.9335959482273495,0.1422205718529521,0.8956876881871987
401856577,1474,0.9335096335474121,0.14094955489614244,0.8962800393256348
401856577,1475,0.9337006079027356,0.13994816734542762,0.896876220278654
401856577,1476,0.9337153772683858,0.1390532544378698,0.8973310614152581
401856577,1477,0.9338573619631901,0.1383253412025083,0.8977660103803409
401856577,1478,0.9337175792507204,0.13780397936624908,0.8979567999422357
401856577,1479,0.933679354094579,0.13765182186234817,0.8980137661161154
401856577,1480,0.9330134357005758,0.13775322283609576,0.8976301064322401
401856577,1481,0.9321968971461406,0.13795647362596827,0.8971202117600862
401856577,1482,0.9313706748231696,0.13804589193190228,0.8966623914456336
401856577,1483,0.9306270249666476,0.13893016344725112,0.8958484307596983
401856577,1484,0.9303917839482693,0.13928304705003733,0.895554368449116
401856577,1485,0.930550284629981,0.13909774436090225,0.8957262701345394
401856577,1486,0.9308450170519136,0.13924528301886793,0.8957998670165228
401856577,1487,0.9313150425733208,0.1390151515151515,0.8961499455290847
401856577,1488,0.9313669880884855,0.13862514242309154,0.896370922832697
401856577,1489,0.931732223903177,0.13840304182509505,0.896664591039041
401856577,1490,0.9326522890654559,0.13655382274629135,0.8980492331595823
401856577,1491,0.9333081428301531,0.1343226788432268,0.8994927319934631
401856577,1492,0.9340493687582438,0.13221884498480244,0.9009152618867207
401856577,1493,0.9343738247461452,0.1299047619047619,0.9022345314206917
401856577,1494,0.9348845937324076,0.12752188808526838,0.9036813528235697
401856577,1495,0.9360149672591207,0.12557077625570776,0.9052220955017065
401856577,1496,0.9369167599850691,0.12348024316109422,0.9067182584119875
401856577,1497,0.9372322592661576,0.1220159151193634,0.9076081720733971
401856577,1498,0.937360594795539,0.12155530388825972,0.9079026454536396
401856577,1499,0.9374419899758678,0.12189616252821671,0.9077729137238255
401856577,1500,0.937836333271479,0.12206047032474804,0.9078879314733654
401856577,1501,0.9382074596400074,0.12277448071216618,0.9077164894639206
401856577,1502,0.9387414145164285,0.1234340456890199,0.9076536844137042
401856577,1503,0.9387755102040817,0.12445095168374817,0.9071622792601668
401856577,1504,0.9388095679584647,0.12518195050946143,0.9068138087245017
401856577,1505,0.9392983107480972,0.1251808972503618,0.9070587067488677
401856577,1506,0.9395461309523809,0.12522490104354084,0.90716061495442
401856577,1507,0.9394898529137963,0.12607758620689655,0.9067061333534499
401856577,1508,0.9392131269811672,0.126432664756447,0.9063902311123602
401856577,1509,0.9539217694040549,0.11568546727048168,0.9191181510667866
401856577,1510,0.9540701250768915,0.1145919208573784,0.9197391021097565
401856577,1511,0.9542188462328064,0.11294311624072548,0.9206378649960405
401856577,1512,0.9544054220579175,0.11166048619695097,0.9213724679304832
401856577,1513,0.9546014790468365,0.11019736842105263,0.9222020553128919
401856577,1514,0.9548347361938,0.10896381578947369,0.9229354602021631
401856577,1515,0.9546480607428689,0.10714285714285714,0.923752601800006
401856577,1516,0.9544895448954489,0.10586787033237587,0.9243108372815365
401856577,1517,0.9540889526542324,0.10504718916700861,0.9245208817436119
401856577,1518,0.9532882606023356,0.10513347022587269,0.9240773951882315
401856577,1519,0.9524590163934427,0.10526315789473684,0.9235979292493529
401856577,1520,0.9516492522024176,0.10597938144329896,0.9228349353795593
401856577,1521,0.9508095921295348,0.10665564282761472,0.9220769746509601
401856577,1522,0.9503589743589743,0.10807453416149068,0.9211422200987418
401856577,1523,0.9498045669615306,0.10922631361191559,0.9202891266748074
401856577,1524,0.949309705336905,0.10964004964832437,0.9198348278442903
401856577,1525,0.9492888064316636,0.10977630488815245,0.9197562507717556
401856577,1526,0.9495157634452915,0.11060480530240265,0.9194554790714444
401856577,1527,0.9497114591920858,0.11106506423539163,0.9193231974783471
401856577,1528,0.9498762376237624,0.11115719618415595,0.9193595207198032
401856577,1529,0.9503297609233305,0.1111111111111111,0.9196093249061097
401856577,1530,0.9508230452674897,0.11097256857855362,0.919925238344468
401856577,1531,0.9515499897351674,0.11041666666666666,0.9205666615342504
401856577,1532,0.952,0.11,0.921
401856577,1533,0.9524784924211389,0.10833333333333334,0.9220725795439028
401856577,1534,0.953412341642828,0.10666666666666667,0.9233728374880806
401856577,1535,0.9543416225030574,0.10537276134943774,0.9244844305768098
401856577,1536,0.9550721691400691,0.10401002506265664,0.9255310720387062
401856577,1537,0.9557899006286757,0.10310142497904443,0.9263442378248157
401856577,1538,0.9562753036437247,0.10265039966344132,0.9268124519901417
401856577,1539,0.9569436021831413,0.10215280709159984,0.9273953975457707
401856577,1540,0.9574167507568113,0.10216193302246715,0.9276274088671721
401856577,1541,0.957258064516129,0.1014060502769493,0.9279260071195898
401856577,1542,0.9570996978851963,0.10030004286326619,0.9283998275109651
401856577,1543,0.9568982880161128,0.09935483870967741,0.9287717246532177
401856577,1544,0.9567665393122864,0.09788702026735661,0.9294397595224648
401856577,1545,0.956425702811245,0.09632829373650108,0.930048704537372
401856577,1546,0.9560946271050521,0.09511456982274102,0.9304900286411555
401856577,1547,0.9558,0.09433145824318477,0.9307342708784077
401856577,1548,0.9557416267942583,0.09412780656303972,0.9308069101156093
401856577,1549,0.9553216838760922,0.09419354838709677,0.9305640677444977
401856577,1550,0.9547162349218904,0.09360240446543582,0.9305569152282274
401856577,1551,0.9540343262971,0.09305317324185249,0.9304905765276238
401856577,1552,0.9539097892456175,0.0927038626609442,0.9306029632923367
401856577,1553,0.9537947306331105,0.09200343938091143,0.9308956456260995
401856577,1554,0.953625466692867,0.09043927648578812,0.9315930951035394
401856577,1555,0.9534746760895171,0.08902333621434745,0.9322256699375848
401856577,1556,0.9537254901960784,0.08727746417716023,0.9332240130094591
401856577,1557,0.954153605015674,0.08638743455497382,0.9338830852303501
401856577,1558,0.954563258911085,0.08596491228070176,0.9342991733151915
401856577,1559,0.9548033652905498,0.08567662565905097,0.9345633698157494
401856577,1560,0.9552734375,0.08534975802903652,0.9349618397354817
401856577,1561,0.9558852235018543,0.08578970523537176,0.9350477591332413
401856577,1562,0.9564708178801483,0.08655536028119508,0.9349577287994766
401856577,1563,0.9569976544175137,0.08760402978537013,0.9346968123160717
401856577,1564,0.9575093009594674,0.08856893542757417,0.9344701827659466
401856577,1565,0.9579980372914623,0.09035621198957429,0.933820912650944
401856577,1566,0.9581285630037351,0.09138155045474232,0.9333735062744963
401856577,1567,0.9580212849822625,0.0927209705372617,0.9326501572225003
401856577,1568,0.957707509881423,0.09366869037294015,0.9320194097542414
401856577,1569,0.9573919936583433,0.09347826086956522,0.931956866394389
401856577,1570,0.9572734499205088,0.09328683522231909,0.9319933073490949
401856577,1571,0.9422270821942774,0.12183125236473705,0.9101979149147702
401856577,1572,0.9426020408163265,0.11958997722095673,0.9115060317976849
401856577,1573,0.9425601750547046,0.11755783086841107,0.9125011720931467
401856577,1574,0.9420237010027347,0.1163581412920287,0.912832779855353
401856577,1575,0.9415194024412461,0.11521084337349398,0.9131542795338761
401856577,1576,0.9412623130244436,0.11473565804274466,0.9132633274908495
401856577,1577,0.9408111070515163,0.11430706014194994,0.9132520234547832
401856577,1578,0.9407353210170112,0.11486988847583643,0.9129327162705874
401856577,1579,0.9405958691281301,0.115840118430792,0.9123778753486691
401856577,1580,0.9410798978475009,0.11612426035502958,0.9124778187462357
401856577,1581,0.9419366581725519,0.11627906976744186,0.912828794202555
401856577,1582,0.9427272727272727,0.11619328661010697,0.9132669930585828
401856577,1583,0.9433448338478301,0.11656215418664699,0.9133913398305915
401856577,1584,0.9444746869896571,0.11706056129985229,0.9137070628449024
401856577,1585,0.9454314720812182,0.11803762449280708,0.9136969237942056
401856577,1586,0.9463573758608191,0.11814501288185499,0.9141061814894821
401856577,1587,0.9470822761870242,0.11866274797942689,0.9142097641037987
401856577,1588,0.9481132075471698,0.1196769456681351,0.9142181309395173
401856577,1589,0.9688888888888889,0.07684964200477327,0.9460196234420578
401856577,1590,0.9689414747517431,0.07655729909652877,0.9461920878276071
401856577,1591,0.9692048091120017,0.07633949739212897,0.9464326558599363
401856577,1592,0.969480109450642,0.07706855791962175,0.9462057757655101
401856577,1593,0.9693406131877362,0.07732201791607732,0.9460092976358294
401856577,1594,0.9696080486271222,0.07761053621825023,0.9459987562044361
401856577,1595,0.9701585976627712,0.07797087834664161,0.9460938596580648
401856577,1596,0.9704474505723205,0.07789770061004224,0.9462748749811392
401856577,1597,0.9707286692962425,0.07775175644028103,0.9464884564279807
401856577,1598,0.9708195364238411,0.07775175644028103,0.9465338899917801
401856577,1599,0.9706672175170419,0.07775175644028103,0.9464577305383804
401856577,1600,0.9705154639175257,0.07814693495554516,0.9461842644809904
401856577,1601,0.9705397610218377,0.07814693495554516,0.9461964130331463
401856577,1602,0.9707276850133993,0.0785413744740533,0.946093155269673
401856577,1603,0.9709278350515463,0.07966260543580131,0.9456326148078725
401856577,1604,0.9710982658959537,0.08078910286519493,0.9451545815153795
401856577,1605,0.9712453454695904,0.08125880695162048,0.944993269258985
401856577,1606,0.9714108141702921,0.0806375996249414,0.9453866072726753
401856577,1607,0.9715826591993363,0.07969995311767464,0.9459413530408308
401856577,1608,0.9510502283105022,0.11354205960015089,0.9187540843551757
401856577,1609,0.9511704462326261,0.11325028312570781,0.9189600815534591
401856577,1610,0.951335528723015,0.11232566905390125,0.9195049298345568
401856577,1611,0.951353328456474,0.1111111111111111,0.9201211086726815
401856577,1612,0.9514829732698645,0.10985703536493605,0.9208129689524642
401856577,1613,0.9517102615694165,0.1092752534735261,0.9212175040479452
401856577,1614,0.9518160248220479,0.10798650168728909,0.9219147615673794
401856577,1615,0.9520772594752187,0.10699588477366255,0.9225406873507781
401856577,1616,0.9522768670309654,0.10587355031799477,0.9232016583564853
401856577,1617,0.9524590163934427,0.10528287748220307,0.9235880694556198
401856577,1618,0.9528233151183971,0.10411985018726591,0.9243517324655657
401856577,1619,0.9529626253418414,0.10317757009345795,0.9248925276241917
401856577,1620,0.9528767123287671,0.1017897091722595,0.9255435015782538
401856577,1621,0.9531735869764039,0.10108168593808281,0.9260459505191605
401856577,1622,0.9534628068889703,0.10014892032762472,0.9266569432806728
401856577,1623,0.9530963722975448,0.10011164867882397,0.9264923618093605
401856577,1624,0.9527472527472527,0.09955423476968796,0.9265965089887824
401856577,1625,0.952372229346034,0.09970348406226835,0.9263343726418829
401856577,1626,0.9518315018315018,0.09988901220865705,0.9259712448114223
401856577,1627,0.951098901098901,0.1003690036900369,0.9253649487044321
401856577,1628,0.95020139143171,0.10088365243004419,0.9246588695008329
401856577,1629,0.9494875549048316,0.10099520825654257,0.9242461733241445
401856577,1630,0.9492395088876672,0.10103244837758112,0.9241035302550431
401856577,1631,0.9489533602644142,0.10140117994100295,0.9237760901617056
401856577,1632,0.9487320837927232,0.1016949152542373,0.923518584269243
401856577,1633,0.9486377025036818,0.10217631870158612,0.9232306919010478
401856577,1634,0.94903988183161,0.10195788695973403,0.923540997435938
401856577,1635,0.9367485624673288,0.13195601466177942,0.9023962739027747
401856577,1636,0.9369228088517163,0.13128957014328557,0.9028166193542153
401856577,1637,0.9370751263726687,0.1299566811062979,0.9035592226331854
401856577,1638,0.9372056514913658,0.12875250166777852,0.9042265749117937
401856577,1639,0.9372384937238494,0.12787979966611018,0.9046793470288697
401856577,1640,0.9370531822144725,0.12650200267022696,0.9052755897721227
401856577,1641,0.9365743160829413,0.12420701168614358,0.9061836521983988
401856577,1642,0.9361702127659575,0.12166666666666667,0.9072517730496454
401856577,1643,0.9361256544502617,0.11980033277870217,0.9081626608357798
401856577,1644,0.9361590790162219,0.11790102955828628,0.9091290247289678
401856577,1645,0.9363889857093064,0.11665004985044865,0.9098694679294288
401856577,1646,0.9369118159637504,0.11516760703617657,0.9108721044637869
401856577,1647,0.937652385928248,0.1143141153081511,0.9116691353100485
401856577,1648,0.9381533101045296,0.1140495867768595,0.9120518616638351
401856577,1649,0.9386438905351229,0.11448366875618608,0.9120801108894684
401856577,1650,0.9389818688981869,0.11476487997369286,0.9121084944622471
401856577,1651,0.9390605901868343,0.11479173499508036,0.9121344275958769
401856577,1652,0.9388432640223658,0.11448140900195694,0.9121809275102044
401856577,1653,0.9386470896696382,0.11490885416666667,0.9118691177514857
401856577,1654,0.9383190634282719,0.11530944625407166,0.9115048085871
401856577,1655,0.9381101813110181,0.11498371335504887,0.9115632339779847
401856577,1656,0.9381640829123846,0.11394058112961149,0.9121117508913865
401856577,1657,0.937979094076655,0.11209439528023599,0.9129423493982095
401856577,1658,0.9380222841225627,0.11059907834101383,0.9137116028907745
401856577,1659,0.9381748519679555,0.10989738497186362,0.914138733498046
401856577,1660,0.9380114922514365,0.1084137013634852,0.9147988954439756
401856577,1661,0.9378373672296709,0.10677344010677343,0.9155319635614487
401856577,1662,0.9374346462181945,0.10628342245989304,0.9155756118791507
401856577,1663,0.936988685813751,0.10639009702241552,0.9152992943956677
401856577,1664,0.9364472998784511,0.10626885685551458,0.9150892215114683
401856577,1665,0.9360706860706861,0.10604026845637583,0.9150152088071551
401856577,1666,0.9361628709454797,0.10584677419354839,0.9151580483759656
401856577,1667,0.9366172924560799,0.10565275908479138,0.9154822666856444
401856577,1668,0.9370581134678393,0.10483870967741936,0.91610970189521
401856577,1669,0.9375754440420763,0.1034598589183742,0.917057792561851
401856577,1670,0.937952430196484,0.1027190332326284,0.9176166984819278
401856577,1671,0.9387085635359116,0.102280348759222,0.9182141073883447
401856577,1672,0.9393153526970954,0.10224606101240362,0.9185346458423459
401856577,1673,0.9396880415944541,0.10150753768844221,0.919090251953006
401856577,1674,0.9399201250217052,0.101706256273001,0.9191069343743521
401856577,1675,0.9399409824683215,0.10244392366923334,0.9187485293995441
401856577,1676,0.9402570336922542,0.10325175997318137,0.9185026368595364
401856577,1677,0.9403270702853166,0.10325175997318137,0.9185376551560676
401856577,1678,0.9399373259052924,0.10404817664770827,0.9179445746287921
401856577,1679,0.9394887845592071,0.10461229946524064,0.9174382425469833
401856577,1680,0.9390307451797811,0.10461229946524064,0.9172092228572702
401856577,1681,0.9383680555555556,0.10383973288814691,0.9172641613337044
401856577,1682,0.937911897329171,0.10326449033977349,0.9173237034946988
401856577,1683,0.937402462285417,0.10329890036654449,0.9170517809594363
401856577,1684,0.9374456993918332,0.10337905654064905,0.9170333214255921
401856577,1685,0.93734772015315,0.10356422326832548,0.9168917484424123
401856577,1686,0.9371837375676147,0.10401891252955082,0.9165824125190319
401856577,1687,0.937007874015748,0.10488798370672098,0.9160599451545135
401856577,1688,0.9369085173501577,0.10576595018764927,0.9155712835812542
401856577,1689,0.9368421052631579,0.10661638669866301,0.9151128592822475
401856577,1690,0.9187377370830608,0.15608825932988288,0.881324738876589
401856577,1691,0.918896866840731,0.15581585399073822,0.8815405064249964
401856577,1692,0.9184171958964338,0.15521003818876158,0.8816035788538361
401856577,1693,0.9185800358247842,0.15445598687807546,0.8820620244733544
401856577,1694,0.9183075671277461,0.15414047553976495,0.8820835457939906
401856577,1695,0.9178461037904669,0.1540355677154583,0.8819052680375044
401856577,1696,0.9171684296175753,0.1534667032063579,0.8818508632056087
401856577,1697,0.9167481264255458,0.15403624382207579,0.881355941301735
401856577,1698,0.916883963494133,0.15524360033030554,0.8808201815819138
401856577,1699,0.9171694113810533,0.15702479338842976,0.8800723089963118
401856577,1700,0.9166666666666666,0.15905338470005503,0.8788066409833057
401856577,1701,0.9160816326530612,0.16084685180093483,0.8776173904260631
401856577,1702,0.9148136036625245,0.1631868131868132,0.8758133952378557
401856577,1703,0.9138552243694726,0.16565767749036875,0.874098773439552
401856577,1704,0.9129079875348532,0.16753926701570682,0.8726843602595733
401856577,1705,0.911556797632747,0.16777041942604856,0.8718931891033492
401856577,1706,0.9106347897774114,0.16864805087088747,0.870993369453262
401856577,1707,0.9101439682277015,0.16925638179800223,0.8704437932148497
401856577,1708,0.9099054255848681,0.17014759120022277,0.8698789171923227
401856577,1709,0.9106042949891793,0.17075892857142858,0.8699226832088753
401856577,1710,0.9113333333333333,0.1713091922005571,0.8700120705663881
401856577,1711,0.9123831775700935,0.17157953281423804,0.8704018223779277
401856577,1712,0.9138219544846051,0.17180127671384957,0.8710103388853778
401856577,1713,0.9152002681414446,0.1711037160288408,0.872048276056302
401856577,1714,0.916387399463807,0.17058986430351702,0.872898767580145
401856577,1715,0.9173512154233026,0.1701715550636414,0.8735898301798306
401856577,1716,0.9183707676835401,0.16938380768168002,0.8744934800009301
401856577,1717,0.9196847753185782,0.16758849557522124,0.8760481398716784
401856577,1718,0.9207306854365678,0.16638935108153077,0.8771706671775186
401856577,1719,0.9212242849974912,0.16522948539638388,0.8779973998005537
401856577,1720,0.9217028380634391,0.164021164021164,0.8788408370211376
401856577,1721,0.9225258247250916,0.16317991631799164,0.87967295420355
401856577,1722,0.9234473596811691,0.16238121855785356,0.8805330705616577
401856577,1723,0.9242724867724867,0.1619047619047619,0.8811838624338624
401856577,1724,0.9245593806621644,0.1617152466367713,0.8814220670126965
401856577,1725,0.924745317121262,0.161624649859944,0.881560333630659
401856577,1726,0.9249918113331149,0.16218487394957984,0.8814034686917676
401856577,1727,0.9253755715218811,0.16311659192825112,0.8811294897968149
401856577,1728,0.9256426944354051,0.16330532212885154,0.8811686861532768
401856577,1729,0.9256252029879831,0.16321388577827547,0.8812056586048538
401856577,1730,0.9255957205381747,0.16288832913518053,0.8813536957014971
401856577,1731,0.9254889283982544,0.1629339305711086,0.8812774989135729
401856577,1732,0.9254548381903075,0.16246498599439776,0.8814949260979549
401856577,1733,0.9255694578119987,0.16111888111888112,0.8822252883465589
401856577,1734,0.9253755193352509,0.15954177144453757,0.8829168739453567
401856577,1735,0.9252232142857143,0.15858416945373466,0.8833195224159898
401856577,1736,0.9250954198473282,0.15777777777777777,0.8836588210347752
401856577,1737,0.9248848658091154,0.15721007473014115,0.8838373955394871
401856577,1738,0.9243964421855146,0.15664644236072808,0.8838749999123933
401856577,1739,0.9243002544529262,0.15631868131868132,0.8839907865671224
401856577,1740,0.9238489724390633,0.15660998354360944,0.8836194944477269
401856577,1741,0.8710255992173488,0.23661599471249173,0.8172048022524285
401856577,1742,0.8704005210029306,0.2363036303630363,0.8170484453199471
401856577,1743,0.8704065040650406,0.23639157155399473,0.8170074662555229
401856577,1744,0.8704965920155794,0.23719912472647703,0.8166487336445512
401856577,1745,0.8710147273021525,0.23792877430631418,0.8165429764979191
401856577,1746,0.8712647391374576,0.2388646288209607,0.8162000551582484
401856577,1747,0.8713110788582487,0.23978142076502731,0.8157648290466106
401856577,1748,0.8713158318569818,0.23994755244755245,0.8156841397047147
401856577,1749,0.8716216216216216,0.23979925812786385,0.8159111817468789
401856577,1750,0.8712425655039383,0.2391020052310375,0.8160702801364503
401856577,1751,0.8715227528541566,0.23780487804878048,0.816858937402688
401856577,1752,0.8714400643604183,0.2365100087032202,0.8174650278285991
401856577,1753,0.8713158318569818,0.23529411764705882,0.8180108571049615
401856577,1754,0.8714101323007422,0.23363675769397485,0.8188866873033837
401856577,1755,0.8715255332902392,0.23235166738847987,0.8195869329508796
401856577,1756,0.8717451075529679,0.23086928246260568,0.8204379125451811
401856577,1757,0.8727743606345095,0.2299000434593655,0.821437158587572
401856577,1758,0.8732826895102634,0.22934379768912144,0.821969445910571
401856577,1759,0.8743142949338496,0.2289024923480542,0.8227059012928977
401856577,1760,0.8755834540479639,0.22855889449440667,0.8235122797767787
401856577,1761,0.8767894482869552,0.22869068541300527,0.8240493814369749
401856577,1762,0.8774690862373534,0.2284833810257539,0.8244928526057997
401856577,1763,0.8779116465863454,0.22842639593908629,0.8247426253236295
401856577,1764,0.8782133676092545,0.22859039610533305,0.8248114857519607
401856577,1765,0.878315383378878,0.2282922496113702,0.8250115668837539
401856577,1766,0.8785151856017998,0.22833593227890397,0.8250896266614478
401856577,1767,0.8784956605593057,0.2298414116595935,0.8243271244498561
401856577,1768,0.878209242618742,0.23070017953321365,0.8237545315427641
401856577,1769,0.8778883183568678,0.23213883254451206,0.8228747429061778
401856577,1770,0.8778258778258778,0.23346920289855072,0.8221783374636635
401856577,1771,0.8774203872619619,0.23430391264786168,0.8215582373070501
401856577,1772,0.8770780051150895,0.23511972633979475,0.8209791393876473
401856577,1773,0.8762376237623762,0.23553624514063573,0.8203506893108703
401856577,1774,0.8758763543658381,0.23494389741241126,0.8204662284767135
401856577,1775,0.8758938503098681,0.23466117216117216,0.820616339074348
401856577,1776,0.87620706031344,0.23335621139327384,0.821425424460083
401856577,1777,0.8762594458438288,0.23185759926973984,0.8222009232870444
401856577,1778,0.8761949537690017,0.23076923076923078,0.8227128614998854
401856577,1779,0.8759556873147137,0.22910990009082652,0.8234228936119437
401856577,1780,0.8759701955914312,0.22798279375141497,0.8239937009200081
401856577,1781,0.875579598145286,0.22679945676776822,0.8243900706887588
401856577,1782,0.874711405263968,0.22531702898550723,0.8246971881392304
401856577,1783,0.8741387230133211,0.22418478260869565,0.8249769702023126
401856577,1784,0.8742944317315027,0.2235827664399093,0.8253558326457967
401856577,1785,0.8749430177784531,0.22328114363512594,0.8258309370716636
401856577,1786,0.8760793819118315,0.22358554873892297,0.8262469165864543
401856577,1787,0.8773071104387292,0.22356426618049224,0.8268714221291185
401856577,1788,0.8787420622921076,0.22308394160583941,0.8278290603431341
401856577,1789,0.8803444629098051,0.2230593607305936,0.8286425510896057
401856577,1790,0.8816944024205748,0.2227054245822843,0.8294944889191453
401856577,1791,0.8827722171671216,0.2221204488207007,0.8303258841732104
401856577,1792,0.8833105127034839,0.2207196882878753,0.8312954122078043
401856577,1793,0.8837351235886481,0.21954576737783896,0.8320946781054046
401856577,1794,0.9259259259259259,0.15869017632241814,0.8836178748017539
401856577,1795,0.925706771860618,0.15929451287793953,0.8832061294913393
401856577,1796,0.925944170771757,0.1595744680851064,0.8831848513433254
401856577,1797,0.9262846823181744,0.15949720670391063,0.8833937378071319
401856577,1798,0.9267531614386599,0.1592871066555277,0.8837330273915661
401856577,1799,0.9272099901413079,0.15880066629650194,0.884204661922403
401856577,1800,0.9278435239973701,0.1578801331853496,0.8849816954060102
401856577,1801,0.9284657128761716,0.15690086087198002,0.8857824260020959
401856577,1802,0.9289356802105609,0.1564758198999444,0.8862299301553083
401856577,1803,0.9292064537372406,0.15619788771539744,0.8865042830109215
401856577,1804,0.929700362199539,0.15542603386067166,0.8871371641694337
401856577,1805,0.9294407894736842,0.15508169482137912,0.8871795473261526
401856577,1806,0.9294871794871795,0.15446255871787787,0.8875123103846508
401856577,1807,0.9294755877034359,0.15441783649876134,0.8875288756023372
401856577,1808,0.9294291824313209,0.15481745813889652,0.8873058621462122
401856577,1809,0.9295473251028806,0.15494114426498767,0.8873030904189465
401856577,1810,0.9294639921078592,0.15510649918077554,0.8871787464635419
401856577,1811,0.9296284117066754,0.1558406113537118,0.8868939001764817
401856577,1812,0.9302057613168724,0.1560962274466922,0.8870547669350901
401856577,1813,0.9303285454845633,0.15654077723043242,0.8868938841270655
401856577,1814,0.9304405432262338,0.15580503833515882,0.8873177524455376
401856577,1815,0.9302904564315353,0.1543108182317408,0.8879898190998973
401856577,1816,0.9301048427358961,0.15280837004405287,0.8886482363459216
401856577,1817,0.9297776291590035,0.15201768933112217,0.8888799699139407
401856577,1818,0.9293031066330815,0.1507495835646863,0.8892767615341977
401856577,1819,0.9290409573571549,0.14955357142857142,0.8897436929642917
401856577,1820,0.9287643484132343,0.14790906539433063,0.8904276415094519
401856577,1821,0.9286559594251902,0.14745762711864407,0.8905991661532731
401856577,1822,0.9286682480515079,0.14787535410764874,0.8903964469719297
401856577,1823,0.9286563614744352,0.14845302299176838,0.8901016692413334
401856577,1824,0.9284378718340982,0.1481691739994323,0.890134348917333
401856577,1825,0.9282556953417205,0.1476338906205724,0.890310902360574
401856577,1826,0.927891156462585,0.14734162895927602,0.8902747637516545
401856577,1827,0.9278420694349898,0.14789726220716906,0.8899724036139104
401856577,1828,0.9276964954066009,0.14768883878241262,0.8900038283120941
401856577,1829,0.9276226158038147,0.1476472245703015,0.8899876956167565
401856577,1830,0.9272943980929678,0.1471167369901547,0.8900888305514065
401856577,1831,0.9274028629856851,0.14634831460674158,0.8905272741894718
401856577,1832,0.9272200443156638,0.14645757490898909,0.8903812347033373
401856577,1833,0.9271952259164535,0.1460548405148293,0.8905701927008121
401856577,1834,0.9269873763220744,0.1452513966480447,0.8908679898370149
401856577,1835,0.926829268292683,0.14460852605182503,0.8911103711204289
401856577,1836,0.9268042996075755,0.14392886913031397,0.8914377152386308
401856577,1837,0.9270957828239713,0.14321398834304747,0.8919408972404619
401856577,1838,0.8786484771573604,0.21679641424864354,0.8309260314543584
401856577,1839,0.8788504287075262,0.21727871939736346,0.8307858546550814
401856577,1840,0.8790719847449547,0.21802393804271297,0.8305240233511209
401856577,1841,0.879236276849642,0.21855235418130708,0.8303419613341675
401856577,1842,0.8794912559618442,0.2187938288920056,0.8303487135349192
401856577,1843,0.8794033640114249,0.21952924726171055,0.8299370583748572
401856577,1844,0.8795371691234743,0.2203626220362622,0.8295872735436061
401856577,1845,0.8800507051180478,0.22083043377406633,0.8296101356719907
401856577,1846,0.8802660753880266,0.22116940143286343,0.8295483369775816
401856577,1847,0.88,0.2211449676823638,0.829427516158818
401856577,1848,0.879848628192999,0.22132471728594508,0.829261955453527
401856577,1849,0.8796980657336059,0.2213758079409049,0.8291611288963505
401856577,1850,0.8800880088008801,0.22134753415142394,0.829370237324728
401856577,1851,0.8805525035316277,0.2208546214584301,0.8298489410365988
401856577,1852,0.8807281858129316,0.22123893805309736,0.8297446238799171
401856577,1853,0.8814303638644918,0.22230014025245443,0.8295651118060187
401856577,1854,0.882685069008783,0.22305529522024367,0.8298148868942696
401856577,1855,0.8837647058823529,0.223915592028136,0.8299245569271085
401856577,1856,0.8845247446975648,0.22501173158141718,0.8297565065580739
401856577,1857,0.8848151062155782,0.2258366487245495,0.8294892287455143
401856577,1858,0.8848456206679269,0.2262210796915167,0.8293122704882051
401856577,1859,0.8848637580721374,0.22615994404290043,0.8293519070146185
401856577,1860,0.8845123680478967,0.22568636575151232,0.8294130011481922
401856577,1861,0.8837722756662987,0.22444237918215612,0.8296649482420713
401856577,1862,0.8834200978072251,0.22284252151663178,0.8302887881452967
401856577,1863,0.8832543443917852,0.22123893805309736,0.8310077031693439
401856577,1864,0.8832174462705437,0.21962616822429906,0.8317956390231223
401856577,1865,0.8838791330485682,0.21831810728507847,0.8327805128817449
401856577,1866,0.8845422869813113,0.21695233622916177,0.8337949753760747
401856577,1867,0.884988085782367,0.2157968970380818,0.8345955943721426
401856577,1868,0.8855229591836735,0.2153773806724665,0.8350727892556036
401856577,1869,0.8857234314980794,0.21436957032167175,0.8356769305882039
401856577,1870,0.885929728862506,0.21463757916959889,0.8356460748464536
401856577,1871,0.885833735327223,0.21525503041647168,0.8352893524553757
401856577,1872,0.8853277500402641,0.2157686027525076,0.8347795736438782
401856577,1873,0.8846588159380545,0.2161973469862695,0.8342307344758926
401856577,1874,0.8841867226619287,0.21654275092936803,0.8338219858662803
401856577,1875,0.8839689722042663,0.2170380687093779,0.8334654517474442
401856577,1876,0.8840368753032508,0.21781489213639527,0.8331109915834278
401856577,1877,0.8842667529944966,0.21825764596848934,0.8330045535130037
401856577,1878,0.8842787682333874,0.2182952182952183,0.8329917749690845
401856577,1879,0.8844033722438391,0.21884358442755125,0.8327798939081439
401856577,1880,0.8845467812550672,0.21938892717665978,0.8325789270392037
401856577,1881,0.8844343450738517,0.21993127147766323,0.8322515367980943
401856577,1882,0.8843216896831844,0.22059831011646494,0.8318616897833597
401856577,1883,0.8845152895250488,0.22191905411550705,0.8312981177047709
401856577,1884,0.8844777090790759,0.22229775662814413,0.8310899762254659
401856577,1885,0.8845716143716469,0.22277563957437174,0.8308979873986375
401856577,1886,0.8849154746423927,0.22244851776420005,0.8312334784390963
401856577,1887,0.8858210167289264,0.22181982797645994,0.8320005943762332
401856577,1888,0.8870863075924724,0.2211146352514726,0.8329858361704999
401856577,1889,0.8882952889752307,0.2199772985244041,0.8341589952254134
401856577,1890,0.8891223533214805,0.21807420896881402,0.8355240721763333
401856577,1891,0.8901453957996769,0.216506630086877,0.8368193828563999
401856577,1892,0.8917300534067001,0.2153987167736022,0.8381656683165489
401856577,1893,0.8931755551953315,0.21382636655948553,0.839674594317923
401856577,1894,0.8940107125466645,0.2123649735692944,0.840822869488685
401856577,1895,0.894173023859763,0.21088904203997244,0.8416419909098953
401856577,1896,0.9360948840502744,0.1348156487475373,0.9006396176513686
401856577,1897,0.9353348729792148,0.13374717832957111,0.9007938473248218
401856577,1898,0.9350579839429081,0.13318284424379231,0.9009375698495579
401856577,1899,0.9352067299087167,0.13297571993224166,0.9011155049882376
401856577,1900,0.9356400143420581,0.13318284424379231,0.9012285850491328
401856577,1901,0.9364908503767492,0.13323943661971832,0.9016257068785154
401856577,1902,0.9373766373586937,0.13248945147679325,0.9024435929409502
401856577,1903,0.9381609607456534,0.13226621735467564,0.9029473716954889
401856577,1904,0.9391444424557007,0.13183730715287517,0.9036535676514128
401856577,1905,0.9398321728262811,0.1307519640852974,0.9045401043704918
401856577,1906,0.940149625935162,0.12966601178781925,0.9052418070736714
401856577,1907,0.9404338549075392,0.12840685585838718,0.906013499524576
401856577,1908,0.9406749555950267,0.12697072072072071,0.906852117437153
401856577,1909,0.9407591344448386,0.12595097210481826,0.9074040811700101
401856577,1910,0.9409992912827781,0.12510566356720204,0.907946813857788
401856577,1911,0.9411764705882353,0.12482429013213382,0.9081760902280507
401856577,1912,0.941704825642832,0.12429854096520764,0.9087031423388121
401856577,1913,0.942189421894219,0.12402234636871508,0.909083537762752
401856577,1914,0.9421864050455501,0.12409571508069003,0.9090453449824301
401856577,1915,0.94222377378251,0.12434082708853733,0.9089414733469863
401856577,1916,0.9426286509040334,0.12524244943197563,0.9086931007360288
401856577,1917,0.9427236546115245,0.1262109050650429,0.9082563747732408
401856577,1918,0.9430543572044866,0.1270764119601329,0.9079889726221768
401856577,1919,0.9427980702963473,0.12790697674418605,0.9074455467760807
401856577,1920,0.9427146051952521,0.12829769508469868,0.9072084550552767
401856577,1921,0.9677599701826314,0.0829981718464351,0.9423808991680982
401856577,1922,0.9679104477611941,0.08345534407027819,0.9422275518454579
401856577,1923,0.9680254300673149,0.08336393683437385,0.9423307466164705
401856577,1924,0.9681170292573144,0.0830576993752297,0.9425296649410424
401856577,1925,0.9680451127819549,0.08195516354281514,0.9430449746195699
401856577,1926,0.9680830972615675,0.0804555473916238,0.9438137749349719
401856577,1927,0.9683292243504646,0.07856093979441997,0.9448841422780223
401856577,1928,0.9683689024390244,0.07655502392344497,0.9459069392577897
401856577,1929,0.9680688336520077,0.07579102281089035,0.9461389054205587
401856577,1930,0.9673829623944743,0.07556859867938372,0.9459071818575453
401856577,1931,0.9667563412759416,0.07556859867938372,0.945593871298279
401856577,1932,0.9663267269578603,0.07585196042506413,0.9452373832663981
401856577,1933,0.9500642555535157,0.09555137844611529,0.9272564385537002
401856577,1934,0.9492926694837406,0.09720037747719408,0.9260461460032732
401856577,1935,0.9490058910162003,0.09886291850915982,0.9250714862535202
401856577,1936,0.9487179487179487,0.10053916904535364,0.9240893898362975
401856577,1937,0.9488174427198818,0.10187838268067495,0.9234695300196034
401856577,1938,0.9491494082840237,0.10289901242433896,0.9231251979298424
401856577,1939,0.949685534591195,0.10366826156299841,0.9230086365140983
401856577,1940,0.9503611779959251,0.10370134014039566,0.9233299189277647
401856577,1941,0.9508439992580227,0.10353615801210576,0.9236539206229584
401856577,1942,0.9510476543667717,0.1024746192893401,0.9242865175387158
401856577,1943,0.951436515291937,0.10173775671406003,0.9248493792889385
401856577,1944,0.9515949554896143,0.10166824047843878,0.9249633575055878
401856577,1945,0.9517535720912971,0.10263653483992467,0.9245585186256862
401856577,1946,0.9523014105419451,0.10287679799874921,0.9247123062715978
401856577,1947,0.9529280948851001,0.10336239103362391,0.9247828519257382
401856577,1948,0.9533678756476683,0.10375893134513824,0.924804472151265
401856577,1949,0.9535615171137836,0.10506683245259558,0.9242473423305939
401856577,1950,0.9537807358106859,0.10605115408608859,0.9238647908622987
401856577,1951,0.9536301496397561,0.1065496709495456,0.9235402393451053
401856577,1952,0.9535786942851858,0.10642317380352645,0.9235777602408297
401856577,1953,0.9531741625023136,0.10639645345155162,0.923388854525381
401856577,1954,0.9527340129749768,0.10668789808917198,0.9230230574429024
401856577,1955,0.9527164843315409,0.10709718670076726,0.9228096488153867
401856577,1956,0.952893175074184,0.10669657161166293,0.9230983017312606
401856577,1957,0.9531221048730776,0.10644437319653735,0.9233388658382702
401856577,1958,0.9535701072881982,0.10711994868505452,0.9232250793015719
401856577,1959,0.9540505628344713,0.10752,0.9232652814172356
401856577,1960,0.954294139329156,0.10816847479259732,0.9230628322682793
401856577,1961,0.9545454545454546,0.1089866156787763,0.9227794194333392
401856577,1962,0.954653937947494,0.10944957047406936,0.9226021837367123
401856577,1963,0.9545704341454478,0.11019371228961575,0.922188360927916
401856577,1964,0.9544373284537969,0.11044303797468355,0.9219971452395567
401856577,1965,0.9542878039861035,0.11002522068095838,0.9221312916525726
401856577,1966,0.9538883806038426,0.10957178841309824,0.9221582960953723
401856577,1967,0.9533565026522773,0.10905091137649277,0.9221527956378923
401856577,1968,0.9529476382277554,0.108505315822389,0.9222211612026832
401856577,1969,0.9523198239501192,0.10772104607721046,0.9222993889364544
401856577,1970,0.9519266055045872,0.10725356478611284,0.9223365203592372
401856577,1971,0.9517519721152082,0.10733065264460254,0.9222106597353028
401856577,1972,0.9517961876832844,0.10686787804126886,0.9224641548210077
401856577,1973,0.9517543859649122,0.10589318600368323,0.9229305999806146
401856577,1974,0.9517216250683185,0.1060837664322837,0.9228189293180173
401856577,1975,0.9515690186831126,0.10561660561660562,0.9229762065332535
401856577,1976,0.9514844315713251,0.10521500457456541,0.9231347134983798
401856577,1977,0.9512945862755748,0.10463697376449055,0.9233288062555421
401856577,1978,0.9509502262443439,0.10399512046355597,0.923477552890394
401856577,1979,0.9506239826370049,0.10384850335980451,0.9233877396386001
401856577,1980,0.9507692307692308,0.10421760391198044,0.9232758134286252
401856577,1981,0.9505165851005981,0.10321592649310873,0.9236503293037447
401856577,1982,0.9501818181818181,0.10230414746543778,0.9239388353581901
401856577,1983,0.9499180477144418,0.10163227594702802,0.9241428858837069
401856577,1984,0.9497633782307973,0.10141800246609124,0.9241726878823531
401856577,1985,0.9496088775695835,0.10129310344827586,0.9241578870606538
401856577,1986,0.9492173279941755,0.1012619267466913,0.9239777006237421
401856577,1987,0.9484986351228389,0.10049321824907521,0.9240027084368818
401856577,1988,0.9482790020032781,0.1,0.9241395010016391
401856577,1989,0.9481346678798908,0.09990749306197964,0.9241135874089556
401856577,1990,0.9479905437352246,0.09993849938499386,0.9240260221751153
401856577,1991,0.9481441048034934,0.09947804728277557,0.9243330287603589
401856577,1992,0.948231862923806,0.09883364027010436,0.9246991113268508
401856577,1993,0.9486664230909755,0.09785276073619632,0.9254068311773895
401856577,1994,0.9492673992673992,0.09737484737484738,0.925946275946276
401856577,1995,0.949569044562626,0.09699909063352531,0.9262849769645504
401856577,1996,0.9498253997426943,0.09644364074743822,0.9266908794976281
401856577,1997,0.9502212389380531,0.09576703692584809,0.9272271010061025
401856577,1998,0.9503323485967504,0.0950956937799043,0.9276183274084231
401856577,1999,0.9506560709665496,0.09440142942227517,0.9281273207721372
401856577,2000,0.950849963045085,0.09409320273078065,0.9283783801571521
401856577,2001,0.9509134526665436,0.09449052132701422,0.9282114656697646
401856577,2002,0.9511610762992997,0.09498367468091422,0.9280887008091927
401856577,2003,0.8988881167477415,0.1639871382636656,0.8674504892420379
401856577,2004,0.8987868284228769,0.1631059039742706,0.8678404622243032
401856577,2005,0.898961937716263,0.1616532721010333,0.8686543328076148
401856577,2006,0.8992743607463718,0.15977011494252874,0.8697521229019215
401856577,2007,0.8997233748271093,0.1579310344827586,0.8708961701721754
401856577,2008,0.900207540643376,0.156163753449862,0.872021893596757
401856577,2009,0.9008307372793354,0.15492633517495397,0.8729522010521907
401856577,2010,0.901106500691563,0.15372205577321962,0.8736922224591717
401856577,2011,0.9012430939226519,0.15264007378372146,0.8743015100694652
401856577,2012,0.9013259858791114,0.15231940918532194,0.8745032883468947
401856577,2013,0.900498367417082,0.15215885476795196,0.874169756324565
401856577,2014,0.8999314599040439,0.15309898242368178,0.873416238740181
401856577,2015,0.898770911573916,0.15395316485045213,0.8724088733617319
401856577,2016,0.8977060322854715,0.1546152057661009,0.8715454132596854
401856577,2017,0.8965283657917019,0.15479803875787998,0.8708651635169109
401856577,2018,0.8956609826101638,0.15490977267400985,0.870375604968077
401856577,2019,0.8948964123294593,0.15491302303714152,0.8699916946461589
401856577,2020,0.8946218487394958,0.15482652820391787,0.869897660267789
401856577,2021,0.8938987596379484,0.1541923259118901,0.8698532168630291
401856577,2022,0.8936882638540097,0.15331590206798193,0.8701861808930138
401856577,2023,0.89352084379708685,0.1521375686649152,0.8706916375660858
401856577,2024,0.8937238493723849,0.15198659645763524,0.8708686264573748
401856577,2025,0.8940053583389149,0.15166786657067435,0.8711687458841203
401856577,2026,0.894330761489433,0.15110683349374399,0.8716119639978446
401856577,2027,0.8945332211942809,0.15098890496864448,0.8717721581128182
401856577,2028,0.8949941007921793,0.15055582406959883,0.8722191383612903
401856577,2029,0.8953409858203917,0.15139056831922612,0.8719752087505828
401856577,2030,0.8957345971563981,0.1524522831601836,0.8716411569981073
401856577,2031,0.8959360652950179,0.15341870016912298,0.8712586825629475
401856577,2032,0.8960573476702509,0.15473887814313347,0.8706592347635587
401856577,2033,0.9593480345158197,0.0971322849213691,0.9311078747972252
401856577,2034,0.8959438644531919,0.1566060606060606,0.8696689019235656
401856577,2035,0.8957370313302516,0.15780529254673464,0.8689658693917586
401856577,2036,0.8955121616992121,0.15806137359961034,0.8687253940498009
401856577,2037,0.8954662104362703,0.15864091909068687,0.8684126456727916
401856577,2038,0.8956269217628972,0.15881197839960726,0.868407471681645
401856577,2039,0.8958333333333334,0.15874969234555747,0.868541820493888
401856577,2040,0.8962924995728686,0.15881627620221947,0.8687381116853246
401856577,2041,0.8969054539237477,0.15898447128420015,0.8689604913197737
401856577,2042,0.8975501113585747,0.15873798373182155,0.8694060638133765
401856577,2043,0.8980607516732453,0.1577783239125092,0.870141213880368
401856577,2044,0.8984361574153634,0.1567237163814181,0.8708562205169726
401856577,2045,0.8989325068870524,0.15536105032822758,0.8717857282794124
401856577,2046,0.8994836488812392,0.1541999515855725,0.8726418486478333
401856577,2047,0.8999483382125022,0.15377199325138588,0.8730881724805581
401856577,2048,0.9006382611695705,0.15295815295815296,0.8738400541057088
401856577,2049,0.9013452914798207,0.15275779376498802,0.8742937488574163
401856577,2050,0.9024137931034483,0.15287081339712918,0.8747714898531596
401856577,2051,0.9035541752933057,0.1525748502994012,0.8754896624969523
401856577,2052,0.9046387308156578,0.15222088835534214,0.8762089212301578
401856577,2053,0.9057645840524681,0.15162454873646208,0.8770700176580031
401856577,2054,0.9066436583261432,0.1503252228378704,0.8781592177441364
401856577,2055,0.9074137931034483,0.14881813796430293,0.8792978275695726
401856577,2056,0.9080717488789237,0.1465475615644616,0.8807620936572311
401856577,2057,0.9080876013105708,0.14468599033816426,0.8817008054862032
401856577,2058,0.9076976063371792,0.14285714285714285,0.8824202317400183
401856577,2059,0.907184599518735,0.14137764932562621,0.8829034750965543
401856577,2060,0.9064106959204662,0.13990384615384616,0.8832534248833099
401856577,2061,0.9060896339377352,0.13898223715794528,0.8835536983898951
401856577,2062,0.9056635960423064,0.13831060062215841,0.883676497710074
401856577,2063,0.9052972236416283,0.13880276651562126,0.8832472285630035
401856577,2064,0.9053617021276595,0.1392857142857143,0.8830379939209727
401856577,2065,0.9058082098450009,0.14034671099501306,0.8827307494249939
401856577,2066,0.9064686806622291,0.1414714927844807,0.8824985939388742
401856577,2067,0.9072553045859001,0.14248704663212436,0.8823841289768879
401856577,2068,0.9077028649854177,0.1432933991073526,0.8822047329390326
401856577,2069,0.908121128699243,0.14359455654622244,0.8822632860765103
401856577,2070,0.9085734000345006,0.14332629603565564,0.8826235519994226
401856577,2071,0.9089023336214348,0.1431919381298336,0.8828551977458006
401856577,2072,0.9093901593901594,0.14238875878220142,0.883500700303979
401856577,2073,0.9100382077110107,0.1414519906323185,0.8842931085393462
401856577,2074,0.9104997388124674,0.14034676663542642,0.8850764860885205
401856577,2075,0.9110102948874542,0.13937690325603186,0.8858166958157112
401856577,2076,0.9113747383112352,0.1391812865497076,0.8860967258807637
401856577,2077,0.9116620111731844,0.13865546218487396,0.8865032744941552
401856577,2078,0.912078307988114,0.13762537905295077,0.8872264644675816
401856577,2079,0.9119189094722125,0.13676607642124883,0.8875764165254818
401856577,2080,0.9114255765199162,0.13577084303679554,0.8878273667415604
401856577,2081,0.910757946210269,0.13482101348210135,0.8879684663640839
401856577,2082,0.9097731239092496,0.1336116910229645,0.8880807164431426
401856577,2083,0.9093766369827134,0.13262230466032923,0.8883771661611921
401856577,2084,0.9092812281926029,0.13180449386147788,0.8887383671655625
401856577,2085,0.9092018124782154,0.13140208574739282,0.8888998633654113
401856577,2086,0.909566126502875,0.13118179707452984,0.8891921647141726
401856577,2087,0.9099616858237548,0.13104089219330856,0.889460396815223
401856577,2088,0.9109756097560976,0.13038416763678695,0.8902957210596554
401856577,2089,0.9121798222686879,0.1297246850209986,0.8912275686238447
401856577,2090,0.9133089133089133,0.12821111630079401,0.8925488985040597
401856577,2091,0.9144851657940664,0.12698783910196446,0.893748663346051
401856577,2092,0.9154289708195003,0.12578910451250877,0.8948199331534957
401856577,2093,0.9155151303131013,0.12456181350782893,0.8954766584026361
401856577,2094,0.9154855643044619,0.12295465170640486,0.8962654562990285
401856577,2095,0.9154707735386769,0.12199111942042533,0.8967398270591258
401856577,2096,0.9154263701628437,0.12179188054129725,0.8968172448107732
401856577,2097,0.939020091646105,0.09873165879134543,0.9201442164273799
401856577,2098,0.940539581114661,0.09517861603797152,0.9226804825383448
401856577,2099,0.9420704451993563,0.0916855061542326,0.925192469522562
401856577,2100,0.9435454872348076,0.08877679697351828,0.9273843451306447
401856577,2101,0.9449060693641619,0.08532249873031995,0.929791785316921
401856577,2102,0.9461663947797716,0.08175779253960143,0.9322043011200851
401856577,2103,0.947339749409842,0.07840616966580977,0.934466789872016
401856577,2104,0.9464350343829171,0.07879876796714579,0.9338181332078856
401856577,2105,0.9455266955266955,0.07875833760903027,0.9333841789588326
401856577,2106,0.9444244604316546,0.07906857727737973,0.9326779415771375
401856577,2107,0.9431083991385499,0.07953964194373402,0.931784378597408
401856577,2108,0.9416189111747851,0.07988769780500256,0.9308656066848913
401856577,2109,0.9400715563506261,0.07994891443167305,0.9300613209594766
401856577,2110,0.9392857142857143,0.07998977766419627,0.929647968310759
401856577,2111,0.9387791421961204,0.08001022494887526,0.9293844586236226
401856577,2112,0.9619117377769639,0.06385945343000558,0.9490261421734791
401856577,2113,0.9620091324200913,0.06495678840256482,0.9485261720087632
401856577,2114,0.9623293903548681,0.0656607991058955,0.9483342956244862
401856577,2115,0.962767889575009,0.06640515550574391,0.9481813670346326
401856577,2116,0.9638904010161495,0.06705948372615039,0.9484154586449995
401856577,2117,0.9643438914027149,0.06769662921348314,0.9483236310946159
401856577,2118,0.9651120751988431,0.06809229037703995,0.9485098924109016
401856577,2119,0.9656853891999277,0.06807909604519774,0.948803146577365
401856577,2120,0.9660527266161069,0.0677437641723356,0.9491544812218856
401856577,2121,0.9663409337676439,0.06708357021034679,0.9496286817786486
401856577,2122,0.9662860250135944,0.06643855146849159,0.9499237367725515
401856577,2123,0.9657360406091371,0.0655596908101918,0.9500881748994726
401856577,2124,0.9651479397349791,0.06603502727533735,0.9495564562298209
401856577,2125,0.9643441877387666,0.0665897953300663,0.9488771962043502
401856577,2126,0.9634969885015514,0.06732158335741115,0.9480877025720702
401856577,2127,0.9628137021432497,0.06795835743204165,0.947427672355604
401856577,2128,0.9621740727139185,0.0683982683982684,0.946887902157825
401856577,2129,0.9618573797678275,0.06893567926160946,0.946460850253109
401856577,2130,0.9615455721944907,0.06947247045258,0.9460365508709554
401856577,2131,0.9614457831325302,0.06849710982658959,0.9464743366529702
401856577,2132,0.9231184731724883,0.1047018904507998,0.9092082913608442
401856577,2133,0.9241740386351327,0.10457516339869281,0.9097994376182199
401856577,2134,0.9247020585048754,0.10474117077890663,0.9099804438629844
401856577,2135,0.9257720787430016,0.1047665134285023,0.9105027826572496
401856577,2136,0.9262265512265512,0.10495767835550181,0.9106344364355247
401856577,2137,0.9269875608436993,0.10556900726392252,0.9107092767898883
401856577,2138,0.9281977268627097,0.10551790900290416,0.9113399089299028
401856577,2139,0.9292307692307692,0.10546686018384131,0.911881954523464
401856577,2140,0.929776810016331,0.10481723553618978,0.9124797872400705
401856577,2141,0.9310093082679322,0.10397479398933591,0.9135172571392981
401856577,2142,0.9313061000183184,0.10368217054263566,0.9138119647378413
401856577,2143,0.9322533136966127,0.10369833212472807,0.9142774907859423
401856577,2144,0.9334073251942286,0.10361445783132531,0.9148964336814517
401856577,2145,0.9338781575037147,0.10331571359923114,0.9152812219522418
401856577,2146,0.9339166046165301,0.10290237467018469,0.9155071149731727
401856577,2147,0.9345271404588696,0.10184519530313922,0.9163409725778653
401856577,2148,0.9347501864280388,0.10119617224880383,0.9167770070896175
401856577,2149,0.9351834606071894,0.09990439770554493,0.9176395314508222
401856577,2150,0.935340022296544,0.09873296677026058,0.9183035277631417
401856577,2151,0.93485100869887094,0.09718242597898759,0.9188342913599417
401856577,2152,0.9347465437788018,0.09639704127893105,0.9191747512499354
401856577,2153,0.9346669113598826,0.09620434471234185,0.9192312833237704
401856577,2154,0.9342345633905736,0.09627329192546584,0.9189806357325538
401856577,2155,0.9341219290263876,0.0958642122878317,0.9191288583692779
401856577,2156,0.9340719215401381,0.09595597032782963,0.9190579756061542
401856577,2157,0.9342654802978028,0.09532934131736527,0.9194680694902188
401856577,2158,0.9347589706415368,0.094941261088468,0.9199088547765344
401856577,2159,0.9350931115530645,0.09475709475709476,0.9201680083979848
401856577,2160,0.9359855334538879,0.09404388714733543,0.9209708231532763
401856577,2161,0.9371490671979714,0.09300072656817632,0.9220741703148976
401856577,2162,0.9375907111756169,0.09139653911771874,0.9230970860289491
401856577,2163,0.9381705764684488,0.08970588235294118,0.9242323470577538
401856577,2164,0.9383636363636364,0.08763268328807702,0.9253654765377797
401856577,2165,0.938422299143742,0.08559343120179148,0.9264144339709752
401856577,2166,0.9382873836041629,0.08310387984981227,0.9275917518771752
401856577,2167,0.9382648401826484,0.08014112903225806,0.9290618555751953
401856577,2168,0.9374658158614403,0.07826747720364742,0.9295991693288964
401856577,2169,0.93735203059552,0.07678616831934909,0.9302829311380854
401856577,2170,0.9373183139534884,0.07505744191983661,0.9311304360168259
401856577,2171,0.9375453885257807,0.07481424545221624,0.9313655715367822
401856577,2172,0.9378972217178136,0.07510288065843622,0.9313971705296887
401856577,2173,0.9385454545454546,0.07559339525283798,0.9314760296463083
401856577,2174,0.9381930558080349,0.07692307692307693,0.930634989442479
401856577,2175,0.8726081710049991,0.16279560810810811,0.8549062814484455
401856577,2176,0.8722413793103448,0.16269255117113315,0.8547744140696059
401856577,2177,0.8721492743607464,0.1627268889826931,0.8547111926890266
401856577,2178,0.7890096047866477,0.29290369297610425,0.7480529559052718
401856577,2179,0.7888923950773115,0.29388346000723853,0.7475044675350364
401856577,2180,0.7900980702309396,0.29444745885331886,0.7478253056888104
401856577,2181,0.7906240101362053,0.2942028985507246,0.7482105557927403
401856577,2182,0.7913760304375397,0.29497186422218186,0.7482020831076789
401856577,2183,0.7922490470139771,0.2971843778383288,0.7475323345878242
401856577,2184,0.7931583134447097,0.29927272727272725,0.7469427930859912
401856577,2185,0.7944506458300111,0.3006001091107474,0.7469252683596319
401856577,2186,0.7955342902711324,0.3018696678163006,0.7468323112274159
401856577,2187,0.796550622804216,0.30391446176150777,0.7463180805213541
401856577,2188,0.7977617905675459,0.3059525963452144,0.7459045971111657
401856577,2189,0.7986555697823303,0.30778939776415437,0.745433086009088
401856577,2190,0.7990392313851081,0.30850872459075374,0.7452652533971772
401856577,2191,0.7989451813968356,0.3087706685837527,0.7450872564065414
401856577,2192,0.7986630590482253,0.30882617292827613,0.7449184430599746
401856577,2193,0.79860450364732,0.3081081081081081,0.7452481977696059
401856577,2194,0.7980738869592674,0.3071079761258817,0.7454829554166928
401856577,2195,0.7972930437519673,0.307510885341074,0.7448910792054466
401856577,2196,0.7962382445141066,0.30828164903319955,0.7439782977404535
401856577,2197,0.7953444774254023,0.3091142020497804,0.7431151376878109
401856577,2198,0.7137614678899082,0.38150388936905794,0.6661287892604252
401856577,2199,0.7121188907614524,0.38133102852203976,0.66539393111970635
401856577,2200,0.7110803749807899,0.38120689655172413,0.6649367392145329
401856577,2201,0.7106763210599292,0.38189314550764475,0.6643915877761422
401856577,2202,0.7108191653786707,0.38171858952413557,0.6645502879272676
401856577,2203,0.7112249650675361,0.3820071562446754,0.6646089044114303
401856577,2204,0.7117692907248636,0.3830220713073005,0.6643736097087816
401856577,2205,0.7123394926401503,0.3841721742077614,0.6640836592161945
401856577,2206,0.7136356504001256,0.3846805626165057,0.6644775438918099
401856577,2207,0.7147798742138365,0.38518895102524997,0.6647954615942933
401856577,2208,0.7153192827933312,0.38427576838172867,0.6655217572058013
401856577,2209,0.7156985871271585,0.3841172460804363,0.6657906705233612
401856577,2210,0.7163454004074596,0.3837348368358107,0.6663052817858245
401856577,2211,0.7166562304320601,0.38362733344750816,0.6665144484922759
401856577,2212,0.7168307548054383,0.3826863620748884,0.667072196365275
401856577,2213,0.7165366614664587,0.3820340733092411,0.6672512940786088
401856577,2214,0.7161531279178338,0.38179934380935937,0.6671768920542371
401856577,2215,0.7162162162162162,0.3822052968668859,0.6670054596746652
401856577,2216,0.7160148975791434,0.3827502597852442,0.6666323188969496
401856577,2217,0.7159900836690425,0.38257247005728173,0.6667088068058804
401856577,2218,0.7157894736842105,0.3818561727320216,0.6669666504760945
401856577,2219,0.7161410018552876,0.3820557491289199,0.6670426263631839
401856577,2220,0.8499346832135859,0.2161327672713238,0.816900957971131
401856577,2221,0.8520816326530612,0.21375968992248062,0.8191609713652903
401856577,2222,0.8538059457693564,0.21120186697782964,0.8213020393957634
401856577,2223,0.8552502453385672,0.20725287580425034,0.8239986847671584
401856577,2224,0.8563011456628478,0.20374707259953162,0.8262770365316581
401856577,2225,0.8564421190320471,0.20035183737294762,0.8280451408295497
401856577,2226,0.8557911908646003,0.19702311006658832,0.829384040399006
401856577,2227,0.8552610180517157,0.19471106758080314,0.8302749752354563
401856577,2228,0.8550089300211073,0.19412915851272017,0.8304398857541936
401856577,2229,0.8541801685029164,0.194140625,0.8300197717514582
401856577,2230,0.8521570528356762,0.1946230274693162,0.8287670126831801
401856577,2231,0.850895594642569,0.195424583171772,0.8277355057353986
401856577,2232,0.8504597515728344,0.19599152052418578,0.8272341155243244
401856577,2233,0.8505171299288946,0.19728281668580175,0.8266171566215464
401856577,2234,0.8497736093143596,0.19855182926829268,0.8256108900230335
401856577,2235,0.8490291262135923,0.19939405415640976,0.8248175360285912
401856577,2236,0.8487544483985765,0.19950924877312193,0.8246225998127272
401856577,2237,0.8495475113122172,0.19981167608286252,0.8248679176146774
401856577,2238,0.8498144862074528,0.19947308995107263,0.8251706981281901
401856577,2239,0.8497743391360413,0.19852941176470587,0.8256224636856677
401856577,2240,0.8496542852548641,0.19625638116846283,0.8266989520432007
401856577,2241,0.8497592295345104,0.19404964942202008,0.8278547900562452
401856577,2242,0.84975172192856,0.19244638451319035,0.8286526687076848
401856577,2243,0.8500560089614339,0.19197871127162136,0.8290386488449062
401856577,2244,0.8505912432086928,0.19078446306169078,0.829903390073501
401856577,2245,0.8509584664536741,0.18982275586049172,0.8305678552965912
401856577,2246,0.8519584332533973,0.19002284843869002,0.8309677924073536
401856577,2247,0.8529553099471407,0.19029495718363462,0.8313301763817531
401856577,2248,0.8540228039184198,0.19080197643481567,0.8316104137418021
401856577,2249,0.8545688545688546,0.190059036374024,0.8322549090974153
401856577,2250,0.8557847244601998,0.18846373500856653,0.8336604947258166
401856577,2251,0.8566817301484829,0.18675042832667046,0.8349656509109062
401856577,2252,0.8576966564367631,0.18658280922431866,0.8355569236062221
401856577,2253,0.8588996763754045,0.1859488354333715,0.8364754204710165
401856577,2254,0.86049902786779,0.1845682557916906,0.8379653860380497
401856577,2255,0.8618004866180049,0.18310668454319096,0.839346901037407
401856577,2256,0.8630381803411861,0.1819574794100747,0.8405403504655558
401856577,2257,0.863147605083089,0.1820792647903504,0.8405341701463693
401856577,2258,0.8628028814669286,0.18327605956471935,0.8397634109511046
401856577,2259,0.8621199671322926,0.18358407922300515,0.8392679439546438
401856577,2260,0.8611339359079704,0.18384030418250952,0.8386468158627305
401856577,2261,0.8607095926412615,0.18455993930197268,0.8380748266696444
401856577,2262,0.8603086014445174,0.18528351981794045,0.8375125408132884
401856577,2263,0.8595339678372169,0.18564121992801666,0.8369463739546001
401856577,2264,0.8590834697217676,0.1851781652767248,0.8369526522225215
401856577,2265,0.8598207008964955,0.18359597493829505,0.8381123629791003
401856577,2266,0.8608272506082725,0.18185269552012148,0.8394872775440755
401856577,2267,0.8618346545866364,0.17943854324734446,0.841198055669646
401856577,2268,0.8624475298676139,0.1779420125071063,0.8422527586802537
401856577,2269,0.8626630172274996,0.17567823942325933,0.8434923889021202
401856577,2270,0.8636290710733194,0.17375617166729965,0.8449364497030099
401856577,2271,0.8645616284661003,0.17270829379388877,0.8459266673361058
401856577,2272,0.86528,0.1720083443959795,0.8466358278020103
401856577,2273,0.86624,0.17099526066350712,0.8476223696682464
401856577,2274,0.8665813469844825,0.1715909090909091,0.8474952189467867
401856577,2275,0.8667626359564939,0.17148799394970693,0.8476373210033935
401856577,2276,0.8673387742038726,0.17282321899736147,0.8472577776032555
401856577,2277,0.8676282051282052,0.17406015037593986,0.8467840273761327
401856577,2278,0.8678519942335415,0.17389671361502348,0.846977640309259
401856577,2279,0.8675952609670189,0.17317806160781368,0.8472085996796026
401856577,2280,0.86752,0.17330827067669172,0.847105864661654
401856577,2281,0.8678702668157853,0.17294649585531274,0.8474618854802363
401856577,2282,0.86803893409925,0.17277190332326284,0.8476335153879936
401856577,2283,0.8686852589641434,0.1722506151807685,0.8482173218916874
401856577,2284,0.8698140200286123,0.17081512445373362,0.8494994477874394
401856577,2285,0.8701236917221694,0.17067124332570557,0.849726224198232
401856577,2286,0.8705081526040842,0.17077835150124307,0.8498649005514205
401856577,2287,0.8709524561680619,0.16951430216932234,0.8507190769993698
401856577,2288,0.8714353237750119,0.16846153846153847,0.8514868926567367
401856577,2289,0.9191986644407345,0.11981093300452117,0.8996938657181066
401856577,2290,0.9202207727044657,0.1189889025893958,0.9006159350575349
401856577,2291,0.9208982738394503,0.11838325810422651,0.9012575078676119
401856577,2292,0.9224832214765101,0.11739485504287464,0.9025441832168177
401856577,2293,0.923799932863377,0.1173842404549147,0.9032078462042312
401856577,2294,0.9258140315542128,0.11710074702200686,0.9043566422661029
401856577,2295,0.9276381909547738,0.11529175050301811,0.9061732202258779
401856577,2296,0.9294078287052526,0.11306784070442265,0.908169994000415
401856577,2297,0.9308155080213903,0.11131059245960502,0.9097524577808926
401856577,2298,0.9320874353412314,0.10954274353876739,0.911272345901232
401856577,2299,0.9334110204761112,0.10801670976725682,0.9126971553544272
401856577,2300,0.9346708671862046,0.10602745176049333,0.9143217077128556
401856577,2301,0.9357343466049892,0.10426634768740031,0.9157339994587945
401856577,2302,0.9372529644268774,0.1036475981662348,0.9168026831303213
401856577,2303,0.9385245901639344,0.10259481037924152,0.9179648898923465
401856577,2304,0.9400620610811694,0.10173895662602439,0.9191615522275725
401856577,2305,0.9417127971344839,0.10016025641025642,0.9207762703621137
401856577,2306,0.942342049699529,0.09891653290529695,0.921712758397116
401856577,2307,0.9430009743423189,0.09738430583501007,0.9228083342536544
401856577,2308,0.9432002596559559,0.09611122305057425,0.9235445183026908
401856577,2309,0.8996865203761756,0.1422887457370216,0.8786988873195769
401856577,2310,0.9002978523279511,0.14120326437654204,0.8795472939757045
401856577,2311,0.9005325814536341,0.13990129081245253,0.8803156453205908
401856577,2312,0.9003129890453834,0.139742131209708,0.8802854289178377
401856577,2313,0.9005783961231827,0.1401851501983752,0.8801966229624038
401856577,2314,0.9010611735330837,0.14053952084512356,0.8802608263439801
401856577,2315,0.9013843521543008,0.13897280966767372,0.8812057712433136
401856577,2316,0.9016749379652605,0.1382375189107413,0.8817187095272596
401856577,2317,0.9024616813748259,0.13708459214501512,0.8826885446149053
401856577,2318,0.9027110766847405,0.13674085250848736,0.8829851120881266
401856577,2319,0.9035454404706611,0.136509131990209,0.8835181542402261
401856577,2320,0.9035250463821892,0.13583270535041447,0.8838461705158873
401856577,2321,0.9036591014358499,0.1351300414624953,0.8842645299866774
401856577,2322,0.9041814534794014,0.13466616371180687,0.8847576448837973
401856577,2323,0.9048498845265589,0.1341509433962264,0.8853494705651662
401856577,2324,0.9053554939981533,0.1352219074598678,0.8850667932691427
401856577,2325,0.9059185242121445,0.13577912254160363,0.8850697008352704
401856577,2326,0.9063318440918194,0.13584691170898067,0.8852424661914193
401856577,2327,0.9066933991363356,0.1354936516960394,0.885599873720148
401856577,2328,0.9067613460944736,0.13574403634986748,0.885508654872303
401856577,2329,0.9072069285493349,0.1358397883997733,0.8856835700747808
401856577,2330,0.9069875776397516,0.1356443104747551,0.8856716335824982
401856577,2331,0.9070527790751985,0.13372202369757383,0.8866653776888124
401856577,2332,0.9070637767035709,0.132018779342723,0.887522498680424
401856577,2333,0.9064400436613129,0.13032064504031501,0.888059699310499
401856577,2334,0.9064939119575398,0.12933458294283037,0.8885796645073547
401856577,2335,0.9066166119192868,0.12891137343076634,0.8888526192442603
401856577,2336,0.9062157507436981,0.1289838770153731,0.8886159368641625
401856577,2337,0.9060643951234761,0.1289231347491073,0.8885706301871844
401856577,2338,0.9056692175542714,0.1294869385453862,0.8880911395044426
401856577,2339,0.9062646461490392,0.12845070422535212,0.8889069709618436
401856577,2340,0.907387162267687,0.12659414853713427,0.8903965068652764
401856577,2341,0.9086651053864169,0.12462574850299402,0.8920196784417114
401856577,2342,0.9105526069310022,0.12252521479267837,0.8940136960691618
401856577,2343,0.9115901280849734,0.12066393136889221,0.8954630983580406
401856577,2344,0.9122203098106713,0.11797543729065872,0.8971224362600063
401856577,2345,0.9135202882657057,0.11516279069767442,0.8991787487840157
401856577,2346,0.9141556811048337,0.11369125023221252,0.9002322154363106
401856577,2347,0.9148066645708897,0.11315154887775923,0.9008275578465652
401856577,2348,0.9149708155860545,0.11337532419414598,0.9007977456959543
401856577,2349,0.9142315589954194,0.11316910538988702,0.9005312268027662
401856577,2350,0.9142811956349834,0.1120960295475531,0.9010925830437152
401856577,2351,0.9147016933059028,0.11221486387049301,0.9012434147177049
401856577,2352,0.9146014206787687,0.11172261970280682,0.9014394004879809
401856577,2353,0.9143981117230527,0.10993037742762916,0.9022338671477118
401856577,2354,0.9149537109681468,0.10860805860805861,0.903172826180044
401856577,2355,0.9159361302442078,0.10718211799193844,0.9043770061261347
401856577,2356,0.9167969971848609,0.10576395242451966,0.9055165223801707
401856577,2357,0.9178532311062432,0.10464690815953165,0.9066031614733558
401856577,2358,0.9183098591549296,0.10199597143380333,0.9081569438605631
401856577,2359,0.918706842435656,0.1010064043915828,0.9088502190220367
401856577,2360,0.919867758186398,0.10080497621661179,0.9095313909848931
401856577,2361,0.9198485326601451,0.09998168833546969,0.9099334221623376
401856577,2362,0.9204294284812125,0.09820447050201539,0.9111124789895986
401856577,2363,0.9216429699842023,0.09673873213631366,0.9124521189239443
401856577,2364,0.9222152098453771,0.09530791788856305,0.9134536459784071
401856577,2365,0.9235145385587863,0.09398565385322788,0.9147644423527792
401856577,2366,0.9253636938646427,0.09141274238227147,0.9169754757411857
401856577,2367,0.9271030993042378,0.0879243183082916,0.9195893904979731
401856577,2368,0.9288537549407114,0.08441799925622909,0.9222178778422412
401856577,2369,0.9297690604239165,0.08205607476635514,0.9238564928287807
401856577,2370,0.9304058338617628,0.08009024252679076,0.925157795667486
401856577,2371,0.9327304458194511,0.0782608695652174,0.9272347881271168
401856577,2372,0.7196149217809867,0.37734638215947375,0.6711342698107565
401856577,2373,0.8969278033794162,0.1441155743481325,0.8764061145156419
401856577,2374,0.898495085995086,0.14419343452170844,0.8771508257366888
401856577,2375,0.9001075764561242,0.14374006710224263,0.8781837546769408
401856577,2376,0.9011242876944402,0.1424033880359979,0.8793604498292211
401856577,2377,0.9018669958339762,0.14025790496378732,0.8808045454350945
401856577,2378,0.9017884674683935,0.13772349088334218,0.8820324882925257
401856577,2379,0.902224281742354,0.13495300585210143,0.8836356379451262
401856577,2380,0.9031458236479157,0.13235032865517854,0.8853977474963686
401856577,2381,0.9043775225085378,0.12919850719744091,0.8875895076555484
401856577,2382,0.9059190031152647,0.12731481481481483,0.889302094150225
401856577,2383,0.9075814536340853,0.12573568753344033,0.8909228830503224
401856577,2384,0.9099825976902389,0.12374641833810889,0.8931180896760651
401856577,2385,0.9126679462571977,0.12284172661870503,0.8949131098192463
401856577,2386,0.914419505893751,0.12136010128413818,0.8965297023048064
401856577,2387,0.915279138099902,0.12127272727272727,0.8970032054135874
401856577,2388,0.9167353668590272,0.12108444770104415,0.8978254595789915
401856577,2389,0.9182044887780548,0.11822386679000925,0.8999903109940228
401856577,2390,0.919292979823245,0.11452671040299907,0.902383134710123
401856577,2391,0.9204944045431769,0.11115326251896814,0.9046705710121044
401856577,2392,0.922458549656674,0.10780169100691775,0.9073284293248781
401856577,2393,0.9253906906402285,0.10144362075692548,0.9119735349416516
401856577,2394,0.8515433610975012,0.22947558770343582,0.8110338866970327
401856577,2395,0.8531662054370829,0.2247765006385696,0.8141948523992566
401856577,2396,0.8567933452944054,0.21932402645113888,0.8187346594216333
401856577,2397,0.8752302796851449,0.19359145527369825,0.8408194122057233
401856577,2398,0.8792934249263984,0.18688230008984727,0.8462055624182756
401856577,2399,0.885470894462849,0.17767467248908297,0.8538981109868831
401856577,2400,0.3250909090909091,0.7588445309964297,0.2831231890472397
