game_id,time_elapsed,win_prob_A,win_prob_B,win_prob_neutral
401856600,0,0.6655472581856745,0.6655472581856745,0.5
401856600,1,0.6655472285067874,0.6655472285067874,0.5
401856600,2,0.6655472087199882,0.6655472087199882,0.5
401856600,3,0.665547194586132,0.665547194586132,0.5
401856600,4,0.6655387490214894,0.6655387490214894,0.5
401856600,5,0.6655555555555556,0.6655555555555556,0.5
401856600,6,0.665572362938458,0.665572362938458,0.5
401856600,7,0.6655891711702612,0.6655891711702612,0.5
401856600,8,0.6656059802510291,0.6656059802510291,0.5
401856600,9,0.6656227901808264,0.6656227901808264,0.5
401856600,10,0.6656396009597171,0.6656396009597171,0.5
401856600,11,0.6656564125877659,0.6656564125877659,0.5
401856600,12,0.6656564125877659,0.6656564125877659,0.5
401856600,13,0.6656564125877659,0.6656564125877659,0.5
401856600,14,0.6656311562357933,0.6656311562357933,0.5
401856600,15,0.6656058998838208,0.6656058998838208,0.5
401856600,16,0.6655806435318483,0.6655806435318483,0.5
401856600,17,0.6655553871798757,0.6655553871798757,0.5
401856600,18,0.6655301308279032,0.6655301308279032,0.5
401856600,19,0.6654879773691655,0.6654879773691655,0.5
401856600,20,0.6654458196514271,0.6654458196514271,0.5
401856600,21,0.6654289178538951,0.6654289178538951,0.5
401856600,22,0.6654119192582675,0.6654119192582675,0.5
401856600,23,0.6654116339010462,0.6654116339010462,0.5
401856600,24,0.6654281670205237,0.6654281670205237,0.5
401856600,25,0.6654362500948094,0.6654362500948094,0.5
401856600,26,0.6654864570951671,0.6654864570951671,0.5
401856600,27,0.6655197712955702,0.6655197712955702,0.5
401856600,28,0.6655276280152884,0.6655276280152884,0.5
401856600,29,0.6655437921077959,0.6655437921077959,0.5
401856600,30,0.6655681184403995,0.6655681184403995,0.5
401856600,31,0.6655754345895191,0.6655754345895191,0.5
401856600,32,0.6655317851516845,0.6655317851516845,0.5
401856600,33,0.665462317439316,0.665462317439316,0.5
401856600,34,0.6654178454010246,0.6654178454010246,0.5
401856600,35,0.6653389505936422,0.6653389505936422,0.5
401856600,36,0.665174460247621,0.665174460247621,0.5
401856600,37,0.6649669451135141,0.6649669451135141,0.5
401856600,38,0.6646814191097191,0.6646814191097191,0.5
401856600,39,0.6645226027221036,0.6645226027221036,0.5
401856600,40,0.664457567240001,0.664457567240001,0.5
401856600,41,0.6643315065660221,0.6643315065660221,0.5
401856600,42,0.6641094754302301,0.6641094754302301,0.5
401856600,43,0.6639461440490734,0.6639461440490734,0.5
401856600,44,0.663728813559322,0.663728813559322,0.5
401856600,45,0.6636232831916286,0.6636232831916286,0.5
401856600,46,0.6632722691722219,0.6632722691722219,0.5
401856600,47,0.6627968198810088,0.6627968198810088,0.5
401856600,48,0.6623277182235835,0.6623277182235835,0.5
401856600,49,0.6621117025502502,0.6621117025502502,0.5
401856600,50,0.6618682106716953,0.6618682106716953,0.5
401856600,51,0.6618532530505675,0.6618532530505675,0.5
401856600,52,0.6618464663744253,0.6618464663744253,0.5
401856600,53,0.6620462223175505,0.6620462223175505,0.5
401856600,54,0.6623624673822398,0.6623624673822398,0.5
401856600,55,0.662834008097166,0.662834008097166,0.5
401856600,56,0.6631273869823127,0.6631273869823127,0.5
401856600,57,0.6633859873304152,0.6633859873304152,0.5
401856600,58,0.6635468114716075,0.6635468114716075,0.5
401856600,59,0.6637003367925304,0.6637003367925304,0.5
401856600,60,0.6637618209808666,0.6637618209808666,0.5
401856600,61,0.663621812562093,0.663621812562093,0.5
401856600,62,0.6633781349591243,0.6633781349591243,0.5
401856600,63,0.6632996632996633,0.6632996632996633,0.5
401856600,64,0.6632952418205694,0.6632952418205694,0.5
401856600,65,0.6632441227627224,0.6632441227627224,0.5
401856600,66,0.6631816260391715,0.6631816260391715,0.5
401856600,67,0.6633276740237691,0.6633276740237691,0.5
401856600,68,0.663607433085185,0.663607433085185,0.5
401856600,69,0.6638696235408282,0.6638696235408282,0.5
401856600,70,0.664066085360257,0.664066085360257,0.5
401856600,71,0.6643124819832805,0.6643124819832805,0.5
401856600,72,0.6644936983920035,0.6644936983920035,0.5
401856600,73,0.6645993477754484,0.6645993477754484,0.5
401856600,74,0.6645788210501669,0.6645788210501669,0.5
401856600,75,0.6644893635801924,0.6644893635801924,0.5
401856600,76,0.664271775767252,0.664271775767252,0.5
401856600,77,0.6639351563195867,0.6639351563195867,0.5
401856600,78,0.6637640533206095,0.6637640533206095,0.5
401856600,79,0.6636115853475903,0.6636115853475903,0.5
401856600,80,0.6634971263503144,0.6634971263503144,0.5
401856600,81,0.6634408927329362,0.6634408927329362,0.5
401856600,82,0.6633205572793088,0.6633205572793088,0.5
401856600,83,0.6633308850532501,0.6633308850532501,0.5
401856600,84,0.6634215471825996,0.6634215471825996,0.5
401856600,85,0.6632140420517273,0.6632140420517273,0.5
401856600,86,0.663086913086913,0.663086913086913,0.5
401856600,87,0.6629156974916703,0.6629156974916703,0.5
401856600,88,0.6626799557032115,0.6626799557032115,0.5
401856600,89,0.6624733271760247,0.6624733271760247,0.5
401856600,90,0.6623913810241446,0.6623913810241446,0.5
401856600,91,0.6622877800012911,0.6622877800012911,0.5
401856600,92,0.6622916734349111,0.6622916734349111,0.5
401856600,93,0.6622854340362923,0.6622854340362923,0.5
401856600,94,0.6622048279944748,0.6622048279944748,0.5
401856600,95,0.6621116368328757,0.6621116368328757,0.5
401856600,96,0.6621747521128635,0.6621747521128635,0.5
401856600,97,0.6618271836215837,0.6618271836215837,0.5
401856600,98,0.6615653694796677,0.6615653694796677,0.5
401856600,99,0.6612881401799607,0.6612881401799607,0.5
401856600,100,0.6610423186828139,0.6610423186828139,0.5
401856600,101,0.6608517188301694,0.6608517188301694,0.5
401856600,102,0.6606123151014792,0.6606123151014792,0.5
401856600,103,0.6604863537306721,0.6604863537306721,0.5
401856600,104,0.6606130188219741,0.6606130188219741,0.5
401856600,105,0.6605087295755921,0.6605087295755921,0.5
401856600,106,0.6604423814045082,0.6604423814045082,0.5
401856600,107,0.6603139806237183,0.6603139806237183,0.5
401856600,108,0.6601969357648146,0.6601969357648146,0.5
401856600,109,0.6600121424234848,0.6600121424234848,0.5
401856600,110,0.6595653109533032,0.6595653109533032,0.5
401856600,111,0.659202995068217,0.659202995068217,0.5
401856600,112,0.6589735254812727,0.6589735254812727,0.5
401856600,113,0.6586205646768873,0.6586205646768873,0.5
401856600,114,0.6583424209378408,0.6583424209378408,0.5
401856600,115,0.6581480131243165,0.6581480131243165,0.5
401856600,116,0.6580284367118682,0.6580284367118682,0.5
401856600,117,0.6579555034270425,0.6579555034270425,0.5
401856600,118,0.6577728776185227,0.6577728776185227,0.5
401856600,119,0.6578792124474596,0.6578792124474596,0.5
401856600,120,0.6581819527174516,0.6581819527174516,0.5
401856600,121,0.6585863835474052,0.6585863835474052,0.5
401856600,122,0.6588283520906313,0.6588283520906313,0.5
401856600,123,0.7110502737680438,0.6105496788817529,0.5502502974431454
401856600,124,0.7115688722430296,0.6098695136417557,0.550849679300637
401856600,125,0.7120003341547972,0.6095514989752633,0.5512244175897669
401856600,126,0.7124371859296482,0.6090722044116943,0.551682490758977
401856600,127,0.7125404089172509,0.6084262106072252,0.5520570991550129
401856600,128,0.7126015746705402,0.6077873202740519,0.5524071271982441
401856600,129,0.7125105663567202,0.6076703307345891,0.5524201178110655
401856600,130,0.712407211028632,0.6076183072587698,0.5523944518849311
401856600,131,0.7127347043045089,0.6072420683269165,0.5527463179887961
401856600,132,0.7127605056371712,0.6069245439874811,0.552917980824845
401856600,133,0.7126747277248949,0.6068661108386464,0.5529043084431242
401856600,134,0.7126693912669392,0.6067493112947658,0.5529600399860867
401856600,135,0.7128499331406635,0.6066495659037096,0.553100183618477
401856600,136,0.7131487889273357,0.6058881741712023,0.5536303073780666
401856600,137,0.713343744577477,0.6053898456499082,0.5539769494637844
401856600,138,0.7132109932162115,0.6049382716049383,0.5541363608056367
401856600,139,0.7134196868594357,0.6041302938095475,0.5546446965249441
401856600,140,0.713698570241791,0.60320080020005,0.5552488850208706
401856600,141,0.7139976327210557,0.602325697960002,0.5558359673805269
401856600,142,0.7139526700096771,0.6016178465557956,0.5561674117269407
401856600,143,0.7139705233430412,0.6011490777139401,0.5564107228145505
401856600,144,0.6653021123301129,0.6653021123301129,0.5
401856600,145,0.6649393378572898,0.6649393378572898,0.5
401856600,146,0.664244126027171,0.664244126027171,0.5
401856600,147,0.6634045200082936,0.6634045200082936,0.5
401856600,148,0.6627248500999334,0.6627248500999334,0.5
401856600,149,0.6622192479819314,0.6622192479819314,0.5
401856600,150,0.6616967660646788,0.6616967660646788,0.5
401856600,151,0.6613059811742856,0.6613059811742856,0.5
401856600,152,0.6607680882664969,0.6607680882664969,0.5
401856600,153,0.6600972613258255,0.6600972613258255,0.5
401856600,154,0.65906362545018,0.65906362545018,0.5
401856600,155,0.6581498556594425,0.6581498556594425,0.5
401856600,156,0.6576623376623376,0.6576623376623376,0.5
401856600,157,0.6571428571428571,0.6571428571428571,0.5
401856600,158,0.6564642186613108,0.6564642186613108,0.5
401856600,159,0.6559394019002583,0.6559394019002583,0.5
401856600,160,0.6558341750472092,0.6558341750472092,0.5
401856600,161,0.6559485530546624,0.6559485530546624,0.5
401856600,162,0.6559890425484911,0.6559890425484911,0.5
401856600,163,0.655800150595739,0.655800150595739,0.5
401856600,164,0.7131637116117199,0.5976353722399179,0.557764169685901
401856600,165,0.712985236545446,0.5978896103896104,0.5575478130779178
401856600,166,0.7132314679029282,0.5980907956825948,0.5575703361101667
401856600,167,0.7136350697409621,0.5981090039667446,0.5577630328871088
401856600,168,0.7136880140731232,0.5983240831428882,0.5576819654651175
401856600,169,0.7137617301005097,0.5986253545712416,0.5575681877646341
401856600,170,0.7141152322306554,0.5989272617809643,0.5575939852248455
401856600,171,0.7144565633371603,0.5989243180945063,0.5577661226213271
401856600,172,0.714655544369337,0.5995594713656388,0.557548036501849
401856600,173,0.7143955410340188,0.5999226476600917,0.5572364466869635
401856600,174,0.7139213704826525,0.6005216136729371,0.5566998784048577
401856600,175,0.7134111068260702,0.6008145503235884,0.5562982782512409
401856600,176,0.713106045972571,0.6011991482685195,0.5559534488520257
401856600,177,0.7127371273712737,0.6014056789429294,0.5556657242141722
401856600,178,0.7122696411251213,0.6018523747670412,0.55520863317904
401856600,179,0.7115150925970932,0.6024151028969896,0.5545499948500519
401856600,180,0.7112442755529572,0.603335420342649,0.5539544276051541
401856600,181,0.7110676765208893,0.6037240118802834,0.5536718323203029
401856600,182,0.7111143781240812,0.6040329972502292,0.553540690436926
401856600,183,0.7110434269994105,0.6040684978738076,0.5534874645628014
401856600,184,0.7109098070106341,0.6042195065713627,0.5533451502196357
401856600,185,0.7550857066631095,0.5352675469075747,0.6099090798777673
401856600,186,0.7554518172724242,0.5353509000782677,0.6100504585970783
401856600,187,0.755607476635514,0.535835583035792,0.609885946799861
401856600,188,0.755196150504578,0.5366108786610879,0.609292635921745
401856600,189,0.754957127545552,0.5373746184038377,0.6087912545708571
401856600,190,0.7549526559666913,0.5382937892533147,0.6083294333566882
401856600,191,0.7547449185623907,0.5389446140427387,0.607900152259826
401856600,192,0.7542332861094245,0.5393886462882096,0.6074223199106075
401856600,193,0.753718226068145,0.5398477823462514,0.6069352218609467
401856600,194,0.7532669781298666,0.5396213183730715,0.6068228298783975
401856600,195,0.7529834553837809,0.539096819539624,0.6069433179220785
401856600,196,0.7523415230080087,0.5381568523897544,0.6070923353091271
401856600,197,0.7515776616679107,0.5372068418268383,0.6071854099205363
401856600,198,0.7511023675462994,0.5360897605795565,0.6075063034833714
401856600,199,0.7504579686545899,0.5351801044340208,0.6076389321102846
401856600,200,0.749626713723361,0.5342137918808721,0.6077064609212444
401856600,201,0.7488804451078844,0.5337003818488589,0.6075900316295128
401856600,202,0.7483385324833853,0.5334045013788808,0.6074670155522522
401856600,203,0.7795038837384114,0.5133917990045035,0.633056042366954
401856600,204,0.7797728411558377,0.5125430983236239,0.633614871416107
401856600,205,0.7798563554367797,0.5119914091397207,0.6339324731485294
401856600,206,0.779828003673708,0.511497005988024,0.634165498842842
401856600,207,0.7801702553830746,0.5120279047389945,0.63407117532204
401856600,208,0.780310621242485,0.5126811594202898,0.6338147309110975
401856600,209,0.7803308823529411,0.5122543072069886,0.6340382875729762
401856600,210,0.7802390704672741,0.5126050420168067,0.6338170142252337
401856600,211,0.7796822742474916,0.5129521016617791,0.6333650862928563
401856600,212,0.7792653334449,0.5130722965508776,0.6330965184470112
401856600,213,0.7787447698744769,0.5129974128372552,0.6328736785186109
401856600,214,0.778270324523252,0.5123067408781694,0.6329817918225413
401856600,215,0.7775177601337233,0.511789525936957,0.6328641170983831
401856600,216,0.7768595041322314,0.5122588674548849,0.6323003183386733
401856600,217,0.7760833333333333,0.5119121866034676,0.6320855733649329
401856600,218,0.7757242757242757,0.5115610548681415,0.6320816104280671
401856600,219,0.7223571217056559,0.5683718827695321,0.5769926194680619
401856600,220,0.7227000415208494,0.5682520539684932,0.5772239937761781
401856600,221,0.7226476699317305,0.5682623445156426,0.5771926627080439
401856600,222,0.7229946524064171,0.5679915529074591,0.5775015497494791
401856600,223,0.7236309523809524,0.5675900067929655,0.5780204727939935
401856600,224,0.7244357096063367,0.566762437622864,0.5788366359917363
401856600,225,0.7252740705433747,0.5658991061960309,0.5796874821736719
401856600,226,0.7261890570985815,0.5654947224542486,0.5803471673221665
401856600,227,0.7269368295589989,0.564906406939583,0.5810152113097079
401856600,228,0.7276413069401383,0.5641866138130812,0.5817273465635285
401856600,229,0.7279345944978218,0.5636169237818849,0.5821588353579685
401856600,230,0.7279451237697584,0.5629544584768466,0.5824953326464559
401856600,231,0.7282381719467812,0.5626723873735826,0.5827828922865993
401856600,232,0.7286576259035785,0.5620018393623544,0.5833278932706121
401856600,233,0.729214020815887,0.5613214778476161,0.5839462714841355
401856600,234,0.7298592392932015,0.5607698796104593,0.5845446798413712
401856600,235,0.7305338932213558,0.5604572656130121,0.5850383138041718
401856600,236,0.73117827314787,0.5603256278319637,0.5854263226579531
401856600,237,0.7316661645073818,0.5605164066702528,0.5855748789185644
401856600,238,0.731963746223565,0.5608310888803386,0.5855663286716132
401856600,239,0.7322434150772026,0.5612181958365459,0.5855126096203284
401856600,240,0.7323250728862973,0.5616692426584234,0.585327915113937
401856600,241,0.7325616813889735,0.5622384126492017,0.5851616343698859
401856600,242,0.7331010878865665,0.5624902844706979,0.5853054017079342
401856600,243,0.7334803111029456,0.562529201059025,0.5854755550219604
401856600,244,0.7340405960630404,0.5624463686715032,0.5857971136957686
401856600,245,0.7341157674818729,0.5625488052475403,0.5857834811171663
401856600,246,0.7339980305268341,0.5626220798499882,0.585687975338423
401856600,247,0.7339404380999262,0.5620802748711542,0.585930081614386
401856600,248,0.7337147075106109,0.5613049246858659,0.5862048914123725
401856600,249,0.7332759468765372,0.5602682052081709,0.5865038708341832
401856600,250,0.7330912671549018,0.5591372732227673,0.5869769969660672
401856600,251,0.7326598496981643,0.5585102247103647,0.5870748124938998
401856600,252,0.7327788046826864,0.5578088578088578,0.5874849734369143
401856600,253,0.7329717068359736,0.5576086956521739,0.5876815055918998
401856600,254,0.7330165977663973,0.5577132204443064,0.5876516886610454
401856600,255,0.7331727800419908,0.5575922330097087,0.5877902735161411
401856600,256,0.7331809476740594,0.5577819198508853,0.587699513911587
401856600,257,0.7333580567402188,0.5582045507493981,0.5875767529954103
401856600,258,0.7839855607514973,0.4988605013793931,0.6425625296860521
401856600,259,0.7837016347654645,0.4990400767938565,0.6423307789858039
401856600,260,0.7828763749794779,0.49970013194194557,0.6415881215187662
401856600,261,0.7820775600557515,0.5007187350263537,0.6406794125146988
401856600,262,0.7817616240995415,0.5020344662517952,0.6398635789238731
401856600,263,0.7819148936170213,0.5026309495336044,0.6396419720417084
401856600,264,0.7817661488143909,0.50298900047824,0.6393885741680754
401856600,265,0.7818701510820744,0.5034664116662683,0.639201869707903
401856600,266,0.7821297429620563,0.5038815239460169,0.6391241095080197
401856600,267,0.7826228972725788,0.504180602006689,0.6392211476329449
401856600,268,0.782946370176586,0.5042398184641108,0.6393532758562376
401856600,269,0.7831858407079646,0.5042408314418827,0.639472504633041
401856600,270,0.7833401723430448,0.5038250059765719,0.6397575831832365
401856600,271,0.7835127804717679,0.503705474539804,0.639903652965982
401856600,272,0.7829808246234877,0.5032265774378585,0.6398771235928147
401856600,273,0.7824116047144152,0.5024489308326365,0.6399813369408893
401856600,274,0.7815437902028699,0.5009553379508,0.6402942261260349
401856600,275,0.7806025588113908,0.4994031988541418,0.6405996799786244
401856600,276,0.7797142149169902,0.4980340760157274,0.6408400694506314
401856600,277,0.778714959067229,0.4972047103604139,0.6407551243534075
401856600,278,0.778025978323819,0.49607703281027105,0.640974472756774
401856600,279,0.7779894004637297,0.49488946993106725,0.6415499652663312
401856600,280,0.7778054036134593,0.4941694431223227,0.6418179802455684
401856600,281,0.7780910523260636,0.4936874702239161,0.6422017910510738
401856600,282,0.7783124533311209,0.4928537398761315,0.6427293567274948
401856600,283,0.7782850502199717,0.4920181081725042,0.6431334710237337
401856600,284,0.7780726488638249,0.49177984274481773,0.6431464030595035
401856600,285,0.7774923344658987,0.4916587225929457,0.6429168059364765
401856600,286,0.7770505385252693,0.4920181081725042,0.6425162151763826
401856600,287,0.7764530551415797,0.49226374672696976,0.6420946542073049
401856600,288,0.7757078986587184,0.4925089179548157,0.6415994903519513
401856600,289,0.7752502274795269,0.49369797859690845,0.6407761244413093
401856600,290,0.7751508638505414,0.49477186311787075,0.6401895003663354
401856600,291,0.7753617197188921,0.4952505343148896,0.6400555927020013
401856600,292,0.7755996691480562,0.4958471760797342,0.639876246534161
401856600,293,0.7760576206639622,0.49620403321470935,0.6399267937246265
401856600,294,0.7765076209410205,0.496499347335944,0.6400041368025382
401856600,295,0.7766089621469394,0.4967374540277613,0.639935754059589
401856600,296,0.7764052395954236,0.4964968531053319,0.6399541932450459
401856600,297,0.7759150136940824,0.495658379921494,0.6401283168862942
401856600,298,0.7754983388704318,0.49505186598306905,0.6402232364436814
401856600,299,0.7751725284775921,0.4939082656473961,0.640632131415098
401856600,300,0.7747650336854363,0.49269985639061753,0.6410325886474093
401856600,301,0.7743278115375011,0.4913710450623202,0.6414783832375904
401856600,302,0.7741666666666667,0.4902219556088782,0.6419723555288942
401856600,303,0.7737013257733678,0.4885340376996038,0.642583644036882
401856600,304,0.7732732732732732,0.4870870870870871,0.643093093093093
401856600,305,0.7727196931799233,0.4853400624849796,0.6436898153474719
401856600,306,0.7723902357743897,0.48357598363614485,0.6444071260691224
401856600,307,0.7717707726856857,0.482106277864803,0.6448322474104413
401856600,308,0.7713052858683926,0.4806996381182147,0.645302823875089
401856600,309,0.7707022192779066,0.47987915407854986,0.6454115325996783
401856600,310,0.7706164270368534,0.47961282516636417,0.6455018009352447
401856600,311,0.7709621568142468,0.47975757575757577,0.6456022905283355
401856600,312,0.7711627140974967,0.480184220094534,0.6454892470014814
401856600,313,0.771261720677743,0.4813649564375605,0.6449483821200912
401856600,314,0.7718115286571828,0.48279193334138387,0.6445097976578995
401856600,315,0.7726450764425448,0.4843768850283508,0.644134095707097
401856600,316,0.7736950267159884,0.4852941176470588,0.6442004545344648
401856600,317,0.7742413027387121,0.48530120481927713,0.6444700489597175
401856600,318,0.7741219050752652,0.48489225954014686,0.6446148227675592
401856600,319,0.7739545604214686,0.4846367032172551,0.6446589286021067
401856600,320,0.7735320760932224,0.48388654194327096,0.6448227670749758
401856600,321,0.7726785861415506,0.48300882815334384,0.6448348789941034
401856600,322,0.7714521452145214,0.48209099709583736,0.644680574059342
401856600,323,0.76996699669967,0.481360445412733,0.6443032756434686
401856600,324,0.76905311778291,0.48129313476207775,0.6438799915104161
401856600,325,0.7685650704689689,0.48153529482988255,0.6435148878195431
401856600,326,0.768546727048168,0.48185337527219935,0.6433466758879842
401856600,327,0.7683708696366924,0.4821924423518049,0.6430892136424438
401856600,328,0.7684858432498974,0.4822976878612717,0.6430940776943128
401856600,329,0.7685374846374436,0.48209565008411437,0.6432209172766646
401856600,330,0.7690355329949239,0.4823247453565009,0.6433553938192115
401856600,331,0.7694196611279365,0.4829151732377539,0.6432522439450913
401856600,332,0.7697476237299247,0.4831366940769872,0.6433054648264687
401856600,333,0.7695274040039383,0.48310328415040454,0.6432120599267668
401856600,334,0.769553417221811,0.4830045162823865,0.6432744504697123
401856600,335,0.76926246394726,0.48229562737642584,0.643483418285417
401856600,336,0.7690847569530411,0.4816486518588906,0.6437180525470753
401856600,337,0.7690716531524078,0.48097502972651607,0.6440483117129459
401856600,338,0.7691925053888244,0.47958090248839147,0.6448058014502165
401856600,339,0.7693201626961069,0.47841640829954685,0.64545187719828
401856600,340,0.769576059850374,0.4774247491638796,0.6460756553432472
401856600,341,0.7697817757787773,0.4763214541975604,0.6467301607906084
401856600,342,0.7703289363833695,0.47524515666108585,0.6475418898611418
401856600,343,0.7706990372540812,0.4740057498802108,0.6483466436869352
401856600,344,0.7707337526205451,0.4724220623501199,0.6491558451352126
401856600,345,0.7703180212014135,0.4710257948410318,0.6496461131801908
401856600,346,0.7699712886336767,0.4699112922560537,0.6500299981888115
401856600,347,0.7698170731707317,0.4686302681992337,0.6505934024857489
401856600,348,0.7691785471826205,0.4672572728361068,0.6509606371732568
401856600,349,0.7684469729133055,0.4670973917205073,0.6506747905963992
401856600,350,0.7680088345225959,0.4672160515944106,0.6503963914640927
401856600,351,0.7676947914011386,0.46752472887617685,0.6500850312624809
401856600,352,0.7674537115678614,0.46823697359029265,0.6496083689887844
401856600,353,0.7672209026128266,0.4689728958630528,0.6491240033748868
401856600,354,0.7667146851961698,0.46973652978874914,0.6484890777037103
401856600,355,0.7668218366483284,0.4712439226846911,0.6477889569818186
401856600,356,0.7672785720328229,0.4720673704186929,0.647605600807065
401856600,357,0.7676699357456882,0.4728479962058335,0.6474109697699273
401856600,358,0.7680608365019012,0.47369668246445495,0.6471820770187231
401856600,359,0.7685943436048965,0.4747307373653687,0.646931803119764
401856600,360,0.7690293148601842,0.47562707051585423,0.646701122172165
401856600,361,0.7693803364612394,0.4761116367076632,0.6466343498767881
401856600,362,0.7696795467996956,0.47608361875516714,0.6467979640222643
401856600,363,0.7692242619067761,0.476628895184136,0.6462976833613201
401856600,364,0.7690028779414254,0.47728077422400567,0.6458610518587098
401856600,365,0.7686700008476731,0.47773183697578264,0.6454690819359452
401856600,366,0.7681343853397811,0.47765429179475055,0.6452400467725152
401856600,367,0.7675226714128316,0.47759782480198604,0.6449624233054227
401856600,368,0.7671267677195359,0.47798816568047336,0.6445693010195312
401856600,369,0.766762614290552,0.4787763813137301,0.643993116488411
401856600,370,0.7672785720328229,0.4789167359543889,0.6441809180392171
401856600,371,0.7672552166934189,0.4787158145065398,0.6442697010934395
401856600,372,0.767124441823237,0.4785195763417827,0.6443024327407272
401856600,373,0.7673088247665517,0.4783230109575989,0.6444929069044765
401856600,374,0.7677115724010422,0.47834903972324944,0.6446812663388963
401856600,375,0.7679966400671987,0.4782504780114723,0.6448730810278632
401856600,376,0.7684811827956989,0.47743325751227106,0.645523962641714
401856600,377,0.76873949579831935,0.47657279808268427,0.6460833488578175
401856600,378,0.7691595861024649,0.47617904716188647,0.6464902694702892
401856600,379,0.7697490314973893,0.47505709820891934,0.6473459666442349
401856600,380,0.7699241786015164,0.4746027924891671,0.6476606930561746
401856600,381,0.7696719237581175,0.473855421686747,0.6479082510356853
401856600,382,0.7699510713683145,0.47335423197492166,0.6482984196966964
401856600,383,0.7701391817798398,0.4731895409085432,0.6484748204356483
401856600,384,0.7696657663740716,0.4726506024096386,0.6485075819822165
401856600,385,0.7694777758999493,0.4720616570327553,0.648708059433597
401856600,386,0.7689897535777797,0.471981721981722,0.6485040157980289
401856600,387,0.7690088255261371,0.47123123123123123,0.648888797147453
401856600,388,0.7694727891156462,0.4696769544854089,0.6498979173151187
401856600,389,0.7694408877507469,0.46829971181556196,0.6505705879675925
401856600,390,0.754357550516736,0.506788695564719,0.6237844274760085
401856600,391,0.7537117228580266,0.506641175286778,0.6235352737856243
401856600,392,0.7528098597007984,0.5061454765262946,0.6233321915872518
401856600,393,0.7522921522921523,0.5056926952141058,0.6232997285390233
401856600,394,0.7514599392665265,0.5054945054945055,0.6229827168860105
401856600,395,0.7508977361436378,0.505844417573559,0.6225266592850394
401856600,396,0.7499022750371355,0.505843239975821,0.6220295175306572
401856600,397,0.7486681291131306,0.5054900775662335,0.6215890257734485
401856600,398,0.7476246564585787,0.5053405884723902,0.6211420339930942
401856600,399,0.7464201416207711,0.5054391619661563,0.6204904898273074
401856600,400,0.7449574535140245,0.5054413542926239,0.6197580496107002
401856600,401,0.7438159760516779,0.5059427880741337,0.6189365939887721
401856600,402,0.742717682254763,0.5066438494060801,0.6180369164243414
401856600,403,0.7423086002045794,0.5072974333165576,0.6175055834440109
401856600,404,0.7426279782967681,0.507950885668277,0.6173385463142456
401856600,405,0.7430659228412038,0.5081010365301398,0.6174824431555319
401856600,406,0.7432676454424119,0.5077912938574445,0.6177381757924837
401856600,407,0.7436038298540261,0.5078886544065923,0.6178575877237169
401856600,408,0.7437750373105019,0.5070961248112733,0.6183394562496143
401856600,409,0.7437126689720214,0.5059487799959669,0.6188819444880272
401856600,410,0.7433941491034917,0.5053502927518676,0.619021928175812
401856600,411,0.7426256587744828,0.5048023455666768,0.618911656603903
401856600,412,0.7416410982613484,0.5045072419730579,0.6185669281441453
401856600,413,0.7409652783245414,0.504725129560004,0.6181200743822687
401856600,414,0.7403906742281033,0.5046348171539167,0.6178779285370933
401856600,415,0.7398880391074667,0.5045375752013868,0.61767523195304
401856600,416,0.7396038822693917,0.5045403530252015,0.617531764622095
401856600,417,0.7397649286108701,0.5039852851011649,0.6178898217548525
401856600,418,0.7400252326131525,0.5035286897821417,0.6182482714155053
401856600,419,0.7402883933496178,0.5026612077789151,0.6188135927853513
401856600,420,0.7408457358847154,0.5015869765537012,0.619629379665507
401856600,421,0.7414757067485629,0.5007678918808232,0.6203539074338699
401856600,422,0.7420750412963109,0.5003583495443842,0.6208583458759633
401856600,423,0.7423515532835234,0.5000512242598094,0.621150164511857
401856600,424,0.7419685039370079,0.499538981661715,0.6212147611376464
401856600,425,0.7415668348045398,0.49923147863510603,0.6211676780847168
401856600,426,0.7413221836541496,0.499128651973347,0.6210967658404013
401856600,427,0.7409220082096621,0.4990776798524288,0.6209221641786167
401856600,428,0.7403899281711264,0.49836031973765116,0.6210148042167376
401856600,429,0.7398958004420587,0.4973349733497335,0.6212804135461627
401856600,430,0.7395561873173814,0.49626216077828983,0.6216470132695457
401856600,431,0.7394805399857899,0.495858472236425,0.6218110338746825
401856600,432,0.7396384305676167,0.49535572113912424,0.6221413547142463
401856600,433,0.7398483172697109,0.4946543121881682,0.6225970025407714
401856600,434,0.7395124267848663,0.49410089503661514,0.6227057658741255
401856600,435,0.7390821025885342,0.4942073170731707,0.6224373927576818
401856600,436,0.7388636544744601,0.49436262061960384,0.6222505169274282
401856600,437,0.7388942154042826,0.49430662871085806,0.6222937933467123
401856600,438,0.7388969055635722,0.49343244068832093,0.6227322324376257
401856600,439,0.7386162510056316,0.49249310591359413,0.6230615725460187
401856600,440,0.7382528661391894,0.4918974358974359,0.6231777151208767
401856600,441,0.7380817482800486,0.491148620831618,0.6234665637242153
401856600,442,0.7379081260633558,0.4905445902655782,0.6236817678988889
401856600,443,0.7373245720775533,0.4900414937759336,0.6236415391508099
401856600,444,0.7366111336854937,0.4899000416493128,0.6233555460180904
401856600,445,0.736083984375,0.4900710702341137,0.6230064570704431
401856600,446,0.7360873462071214,0.4898857562100409,0.6231007949985402
401856600,447,0.7356874898059044,0.4895406286134763,0.623073430596214
401856600,448,0.7356781459115391,0.48961299166930294,0.623032577121118
401856600,449,0.7357657068062827,0.4893212095580461,0.6232222486241183
401856600,450,0.7363204456094364,0.4896186440677966,0.62335090077082
401856600,451,0.7368982202903305,0.4901315789473684,0.6233833206714811
401856600,452,0.7374866442015288,0.4904999469270778,0.6234933486372254
401856600,453,0.7379384159394039,0.49124296783780913,0.6233477240507974
401856600,454,0.7384704232324065,0.4918815663801337,0.6232944284261364
401856600,455,0.7393819203437448,0.4919371949925737,0.6237223626755856
401856600,456,0.7401867614246757,0.4925246527409607,0.6238310543418575
401856600,457,0.740593731911023,0.4926306860354151,0.623981522937804
401856600,458,0.7411696583671106,0.4923174737734449,0.6244260922968328
401856600,459,0.7414476945959345,0.4922620309518762,0.6245928318220292
401856600,460,0.7415089662011404,0.49188501113822003,0.6248119775314602
401856600,461,0.7421913733267228,0.4916118071777447,0.625289783074489
401856600,462,0.7424367664076706,0.4916640118933843,0.6253863772571431
401856600,463,0.7426513206922248,0.4911758452051882,0.6257377377435183
401856600,464,0.7425726141078838,0.4910020232137153,0.6257852954470842
401856600,465,0.7419489057169011,0.49108191818861474,0.6254334937641431
401856600,466,0.7412914543480077,0.4907824222936763,0.6252545160271656
401856600,467,0.7406166219839142,0.4909227629176066,0.6248469295331538
401856600,468,0.739594719582948,0.4912884491288449,0.6241531352270515
401856600,469,0.7384329618372172,0.49105603448275864,0.6236884636772293
401856600,470,0.7375328083989501,0.49077570395943465,0.6233785522197577
401856600,471,0.7366457520773274,0.49033998920669186,0.6231528814353178
401856600,472,0.7362879945661402,0.4897563079577313,0.6232658433042044
401856600,473,0.683803457688808,0.6213806706114399,0.5312113935386841
401856600,474,0.6846860526915193,0.6227682098277769,0.5309589214318712
401856600,475,0.6851147939790178,0.6237044069942242,0.5307051934923968
401856600,476,0.6856599467478128,0.6241674595623216,0.5307462435927457
401856600,477,0.6859120645063137,0.6243339960238569,0.5307890342412285
401856600,478,0.6866920152091255,0.6247309256158814,0.530980544796622
401856600,479,0.6872434240535198,0.6257197696737045,0.5307618271899077
401856600,480,0.6877752467729689,0.6258017960230917,0.5309867253749385
401856600,481,0.6879787637466819,0.6257644029610557,0.5311071803928131
401856600,482,0.6882998864066642,0.6258585858585859,0.5312206502740391
401856600,483,0.6577940951506808,0.6577940951506808,0.5
401856600,484,0.6574619444656926,0.6574619444656926,0.5
401856600,485,0.6569393382352942,0.6569393382352942,0.5
401856600,486,0.6561758174439084,0.6561758174439084,0.5
401856600,487,0.6550482610694041,0.6550482610694041,0.5
401856600,488,0.6547418415811246,0.6547418415811246,0.5
401856600,489,0.6541290026045656,0.6541290026045656,0.5
401856600,490,0.6542027430848211,0.6542027430848211,0.5
401856600,491,0.6542328651469799,0.6542328651469799,0.5
401856600,492,0.6540382694228848,0.6540382694228848,0.5
401856600,493,0.6536506469500925,0.6536506469500925,0.5
401856600,494,0.6538609889686029,0.6538609889686029,0.5
401856600,495,0.6530470379238433,0.6530470379238433,0.5
401856600,496,0.6520461050514427,0.6520461050514427,0.5
401856600,497,0.6509141617601487,0.6509141617601487,0.5
401856600,498,0.6500892233687641,0.6500892233687641,0.5
401856600,499,0.6496270975761342,0.6496270975761342,0.5
401856600,500,0.6496191512513602,0.6496191512513602,0.5
401856600,501,0.6497122414061285,0.6497122414061285,0.5
401856600,502,0.6498754282155091,0.6498754282155091,0.5
401856600,503,0.6500584795321638,0.6500584795321638,0.5
401856600,504,0.6499882730044563,0.6499882730044563,0.5
401856600,505,0.6495297805642634,0.6495297805642634,0.5
401856600,506,0.6486847271299568,0.6486847271299568,0.5
401856600,507,0.6481656432057944,0.6481656432057944,0.5
401856600,508,0.6472537878787878,0.6472537878787878,0.5
401856600,509,0.6462633451957296,0.6462633451957296,0.5
401856600,510,0.6449825894270339,0.6449825894270339,0.5
401856600,511,0.6435580880025324,0.6435580880025324,0.5
401856600,512,0.6421044291260597,0.6421044291260597,0.5
401856600,513,0.6407998095691502,0.6407998095691502,0.5
401856600,514,0.6386394341571963,0.6386394341571963,0.5
401856600,515,0.63637087780787,0.63637087780787,0.5
401856600,516,0.6345846645367412,0.6345846645367412,0.5
401856600,517,0.6334348453277769,0.6334348453277769,0.5
401856600,518,0.6324415521812485,0.6324415521812485,0.5
401856600,519,0.631456154465004,0.631456154465004,0.5
401856600,520,0.6304645358666774,0.6304645358666774,0.5
401856600,521,0.630086213842559,0.630086213842559,0.5
401856600,522,0.6300596677955168,0.6300596677955168,0.5
401856600,523,0.629889507218324,0.629889507218324,0.5
401856600,524,0.6295758748588938,0.6295758748588938,0.5
401856600,525,0.6296176802710115,0.6296176802710115,0.5
401856600,526,0.6301016292950475,0.6301016292950475,0.5
401856600,527,0.6310350395607944,0.6310350395607944,0.5
401856600,528,0.6318810120442971,0.6318810120442971,0.5
401856600,529,0.6325062636385679,0.6325062636385679,0.5
401856600,530,0.7036765902066049,0.5784932269437744,0.5625916816314153
401856600,531,0.7040566959921799,0.5778871147419236,0.5630847906251282
401856600,532,0.7045046515423535,0.57756939931297,0.5634676261146918
401856600,533,0.7046996322026972,0.5774019698940718,0.5636488311543126
401856600,534,0.704746317512275,0.5778810408921933,0.5634326383100409
401856600,535,0.7043349995902647,0.5783311652109273,0.5630019171896687
401856600,536,0.7043963254593176,0.5790598290598291,0.5626682481997443
401856600,537,0.7043849564788963,0.57978822218094,0.5622983671489782
401856600,538,0.703898667544004,0.5804442792081048,0.5617271941679496
401856600,539,0.7031121356825293,0.5805881258142565,0.5612620049341364
401856600,540,0.7019943959123125,0.5804560260586319,0.5607691849268404
401856600,541,0.7010215851046301,0.5800857728883088,0.5604679061081607
401856600,542,0.7005593945376769,0.579837428758292,0.5603609828896925
401856600,543,0.6998274870615296,0.5790656305589365,0.5603809282512966
401856600,544,0.6989097467005492,0.5779342723004695,0.5604877372000399
401856600,545,0.6984036021285305,0.5764307228915663,0.560986439618482
401856600,546,0.6362885917120686,0.6362885917120686,0.5
401856600,547,0.6365666087819399,0.6365666087819399,0.5
401856600,548,0.6366876657824934,0.6366876657824934,0.5
401856600,549,0.6366054359571108,0.6366054359571108,0.5
401856600,550,0.6372271288118647,0.6372271288118647,0.5
401856600,551,0.6381167042324067,0.6381167042324067,0.5
401856600,552,0.6391580354159706,0.6391580354159706,0.5
401856600,553,0.6402745229327084,0.6402745229327084,0.5
401856600,554,0.6411695710455764,0.6411695710455764,0.5
401856600,555,0.6420664206642066,0.6420664206642066,0.5
401856600,556,0.6428031257877489,0.6428031257877489,0.5
401856600,557,0.6425925925925926,0.6425925925925926,0.5
401856600,558,0.6421886856082961,0.6421886856082961,0.5
401856600,559,0.6418439716312057,0.6418439716312057,0.5
401856600,560,0.6412942468530878,0.6412942468530878,0.5
401856600,561,0.6407069169626247,0.6407069169626247,0.5
401856600,562,0.6397699399475598,0.6397699399475598,0.5
401856600,563,0.6389616978100956,0.6389616978100956,0.5
401856600,564,0.6384543840365265,0.6384543840365265,0.5
401856600,565,0.6380855741586335,0.6380855741586335,0.5
401856600,566,0.637186865267434,0.637186865267434,0.5
401856600,567,0.6365638766519823,0.6365638766519823,0.5
401856600,568,0.6361786894973298,0.6361786894973298,0.5
401856600,569,0.6360472026487818,0.6360472026487818,0.5
401856600,570,0.6359619306594153,0.6359619306594153,0.5
401856600,571,0.6359541011474713,0.6359541011474713,0.5
401856600,572,0.6354893617021277,0.6354893617021277,0.5
401856600,573,0.6357367838597089,0.6357367838597089,0.5
401856600,574,0.6358371657298586,0.6358371657298586,0.5
401856600,575,0.6356813917789528,0.6356813917789528,0.5
401856600,576,0.6361310133060389,0.6361310133060389,0.5
401856600,577,0.6362938315843358,0.6362938315843358,0.5
401856600,578,0.6365886972852997,0.6365886972852997,0.5
401856600,579,0.6371160409556313,0.6371160409556313,0.5
401856600,580,0.6369377827088846,0.6369377827088846,0.5
401856600,581,0.6367908407382091,0.6367908407382091,0.5
401856600,582,0.6368533561351005,0.6368533561351005,0.5
401856600,583,0.636067540927402,0.636067540927402,0.5
401856600,584,0.6356995531110348,0.6356995531110348,0.5
401856600,585,0.6349918082262654,0.6349918082262654,0.5
401856600,586,0.5313737752762143,0.7207649793841565,0.4053043979460289
401856600,587,0.5311229277447607,0.7222758802353147,0.40442352375472296
401856600,588,0.531246739697444,0.7235650874571504,0.40384082612014677
401856600,589,0.5306101128290849,0.7246134926212228,0.40299831010393106
401856600,590,0.5300940438871473,0.7255401370103636,0.40227695343839187
401856600,591,0.5295471185022487,0.7264829764829764,0.4015320710096361
401856600,592,0.5289256198347108,0.727576210137925,0.4006747048483929
401856600,593,0.5289014320058535,0.7280724905427993,0.4004144707315271
401856600,594,0.529276693455798,0.7279858968708682,0.40064539829246487
401856600,595,0.5294363256784969,0.7280028241108464,0.40071675078382524
401856600,596,0.5299832845800251,0.7278598602141024,0.4010617121829613
401856600,597,0.530138133110088,0.7273694476460679,0.40138434273201
401856600,598,0.5301141719912015,0.7266429840142096,0.40173559398849595
401856600,599,0.530293501048218,0.7258982568480967,0.40219762210006066
401856600,600,0.5302696464169552,0.7256124721603563,0.40232858712829944
401856600,601,0.5298875932345835,0.7256597717546363,0.4021139107399736
401856600,602,0.5294365012615644,0.7255863729599572,0.4019250641508036
401856600,603,0.5292262405382675,0.725724476148016,0.4017508821951257
401856600,604,0.5295354214841287,0.725960253096872,0.40178758419362837
401856600,605,0.530369903320723,0.7259919750334374,0.4021889641436428
401856600,606,0.5309316248293247,0.7262021589793916,0.40236473292496655
401856600,607,0.5311778290993071,0.726372155287818,0.4024028369057446
401856600,608,0.5314075630252101,0.7262340444523788,0.40258675928641563
401856600,609,0.5318210459987398,0.7255427499329938,0.403139148032873
401856600,610,0.5321004518230534,0.7246894826199625,0.4037054846015455
401856600,611,0.5322478991596639,0.7239066273141938,0.40417063592273506
401856600,612,0.5316043679126418,0.723489932885906,0.40405721751336787
401856600,613,0.6042194092827005,0.6580856334041048,0.47306688793929785
401856600,614,0.6049938984323665,0.657482059005936,0.47375591971321523
401856600,615,0.6055002815843814,0.6568488289567069,0.47432572631383724
401856600,616,0.6064558506146195,0.6557144125743717,0.4753707190201239
401856600,617,0.6073608111914375,0.6544953802416489,0.4764327154748943
401856600,618,0.6081398627690573,0.6528815368196371,0.4776291629747101
401856600,619,0.6088224228743416,0.651256012827365,0.4787832050234883
401856600,620,0.6092765076677016,0.6497457400303328,0.4797653838186844
401856600,621,0.6097515060240963,0.6486099937427371,0.4805707561406796
401856600,622,0.6102206298321705,0.6475329094653891,0.4813438601833907
401856600,623,0.6103822557810288,0.6471169391054428,0.481632658337793
401856600,624,0.6106019087215345,0.6471964719647196,0.48170271837840745
401856600,625,0.6105801078830321,0.6476739992787595,0.4814530543021363
401856600,626,0.6111690528112259,0.6481147393108425,0.4815271567501917
401856600,627,0.6119289581156805,0.6480093888236887,0.48195978464599587
401856600,628,0.6125534950071326,0.6476164680390033,0.48246851348406466
401856600,629,0.6131060100961996,0.6471278901734104,0.4829890599613946
401856600,630,0.613447782546495,0.6466178993949246,0.4834149415757852
401856600,631,0.6136667302920404,0.6462609639207885,0.483702883185626
401856600,632,0.6136515513126491,0.6457975210350131,0.48392701513881803
401856600,633,0.6131094361225073,0.6455787854104443,0.4837653253560315
401856600,634,0.6120969280671628,0.6458823529411765,0.48310728756299315
401856600,635,0.6114984242192723,0.6463028328355507,0.4825977956918608
401856600,636,0.6105484425759603,0.6467184957512204,0.48191497341236994
401856600,637,0.6089492303279472,0.646543945136257,0.4812026425958451
401856600,638,0.6076687703193727,0.6460583153347732,0.48080522749229976
401856600,639,0.6068457787551391,0.6455321059721598,0.48065683639148965
401856600,640,0.6059245102723364,0.6448950296070339,0.48051474033265124
401856600,641,0.6050797288265063,0.6445680452139589,0.4802558418062737
401856600,642,0.6040454155137869,0.6438835997844441,0.4800809078646714
401856600,643,0.6032608695652174,0.6432174382994055,0.48002171563290597
401856600,644,0.6031473533619456,0.6430830396674799,0.4800321568472328
401856600,645,0.6030534351145038,0.6434396520478434,0.4798068915333302
401856600,646,0.6029383705399732,0.6437795562022554,0.47957940716885894
401856600,647,0.6027122528889314,0.6441203281677301,0.4792959623606006
401856600,648,0.6028131279303416,0.6442799707602339,0.47926657858505384
401856600,649,0.6026648773006135,0.6446152438466466,0.47902481672698344
401856600,650,0.6023425499231951,0.6447151492947426,0.47881370031422626
401856600,651,0.6019398828387592,0.6446417131875172,0.478649084825621
401856600,652,0.6009024577572964,0.6444322444871443,0.47823510663507607
401856600,653,0.5994814672556175,0.6443997071742313,0.47754088004069306
401856600,654,0.5982520169035728,0.6442756474787225,0.47698818471242516
401856600,655,0.5968902965735675,0.6441824330499955,0.47635393176178603
401856600,656,0.5953408110440035,0.6438944195816969,0.4757231957311533
401856600,657,0.5937350320911965,0.6441018155277803,0.4748166082817081
401856600,658,0.5923585176673369,0.6445579782866527,0.4739002696903421
401856600,659,0.5916570991197857,0.645111273257935,0.4732729129309253
401856600,660,0.591035075982032,0.6453377085042384,0.47284868373889677
401856600,661,0.5909221213569039,0.6457059414073195,0.4726080899747922
401856600,662,0.5907789232531501,0.6460848884010245,0.4723470174260628
401856600,663,0.5908050362457078,0.6466868298047842,0.4720591032204618
401856600,664,0.5907835856421975,0.6472804116133775,0.47175158701441
401856600,665,0.59070607241281,0.6474276230868523,0.47163922466297886
401856600,666,0.5355950457727517,0.7166778298727394,0.40945860795000616
401856600,667,0.5360758130519061,0.7179905868792623,0.4090426130863219
401856600,668,0.5370529943989659,0.7187168866197862,0.4091680538895899
401856600,669,0.538204547903869,0.7193321108001158,0.40943621855187656
401856600,670,0.5394736842105263,0.71988010056082,0.4097967918248532
401856600,671,0.5402720794644785,0.7200968523002421,0.4100876135821182
401856600,672,0.5406895061061278,0.7203414492191289,0.41017402844349943
401856600,673,0.5406077646804369,0.7207338380896913,0.4099369632953728
401856600,674,0.5402597402597402,0.7208669452813684,0.4096963974891859
401856600,675,0.5398028809704322,0.7208057609964967,0.4094985599869677
401856600,676,0.5392783616859899,0.7206197622295849,0.4093292997282025
401856600,677,0.5391115926327193,0.719847775175644,0.40963190872853766
401856600,678,0.53938671578719255,0.7189300009762765,0.41022835740545804
401856600,679,0.539796139666016,0.7178111587982833,0.4109924904338664
401856600,680,0.5401562839157803,0.7167072576717,0.41172451312204017
401856600,681,0.5401086956521739,0.7156900914930894,0.41220930207954226
401856600,682,0.5404023926046765,0.7148414705310251,0.4127804610368257
401856600,683,0.540999673309376,0.714382896015549,0.4133083886469135
401856600,684,0.540994330571304,0.7145076713925034,0.4132433295894003
401856600,685,0.5410122164048866,0.7148126577363618,0.4130997793342624
401856600,686,0.5406938686449924,0.7149514563106796,0.4128712061671564
401856600,687,0.5402574732707833,0.7153263403263403,0.4124655664722215
401856600,688,0.5407561188811189,0.7154092630352461,0.4126734279229364
401856600,689,0.5407180385288967,0.7159378036929057,0.41239011741799547
401856600,690,0.5400547945205479,0.7165093880727698,0.4117727032238891
401856600,691,0.5397939048454287,0.7169590643274854,0.41141742025897166
401856600,692,0.5393480408297662,0.717758469198477,0.4107947858156446
401856600,693,0.539129479006375,0.7188782489740082,0.4101256150161834
401856600,694,0.5384869507763462,0.720039100684262,0.4092239250460421
401856600,695,0.5370900286154523,0.7218420023464998,0.40762401313447627
401856600,696,0.5357103554528447,0.7234437603830743,0.4061332975348852
401856600,697,0.5348223126856639,0.7245286705089382,0.40514682108836286
401856600,698,0.5339057683839719,0.7256127331315301,0.4041465176262209
401856600,699,0.5330910692654994,0.7267668879344006,0.4031620906655494
401856600,700,0.5321515084783087,0.7275569014359675,0.4022973035211706
401856600,701,0.5314046859531405,0.7285532622517852,0.40142571185067766
401856600,702,0.5309783206778915,0.7293218345746766,0.40082824305160747
401856600,703,0.5306167400881058,0.729886185243328,0.40036527742238887
401856600,704,0.5298203064711718,0.7305236270753512,0.3996483396979103
401856600,705,0.5287305613764199,0.7312758010615293,0.3987273801574453
401856600,706,0.5276553547818422,0.7315224879441,0.3980664334188711
401856600,707,0.5264375413086583,0.7320126158091859,0.3972124627497362
401856600,708,0.5254871738412419,0.7319241406558672,0.39678151659268734
401856600,709,0.5245577409075926,0.7316034465682876,0.3964771471696525
401856600,710,0.5238512994845926,0.7310899344848124,0.3963806824998901
401856600,711,0.5233716475095785,0.7302566142828725,0.39655751661335303
401856600,712,0.5227620923615671,0.7298186167032091,0.396471737829179
401856600,713,0.5223439211391019,0.7290335463258786,0.39665518740661165
401856600,714,0.5225679228746714,0.7278272172782722,0.3973703527981996
401856600,715,0.523297884003947,0.7267540786708038,0.3982719026665716
401856600,716,0.5236998025016458,0.7256238100010021,0.3990379962503219
401856600,717,0.523731048121292,0.7242071457246085,0.39976195119834174
401856600,718,0.523731048121292,0.7231882601266459,0.40027139399732303
401856600,719,0.5237624849083525,0.7218809787533984,0.40094075307747706
401856600,720,0.523407521105142,0.7209771855441147,0.40121516778051364
401856600,721,0.5227023470059223,0.720380105135463,0.40116112093522965
401856600,722,0.5218726016884113,0.720085037456975,0.40089378211571813
401856600,723,0.521505376344086,0.7198664102823601,0.40081948303086296
401856600,724,0.5213431361790848,0.7199191102123357,0.40071201298337455
401856600,725,0.5214575787509603,0.7198585144012127,0.4007995321748738
401856600,726,0.5216673999120106,0.7195393008688624,0.4010640495215741
401856600,727,0.5224768620537682,0.719418651594671,0.4015291052295486
401856600,728,0.5234469822354628,0.7195318805488297,0.4019575508433166
401856600,729,0.5240677215890229,0.719039935457846,0.4025138930655885
401856600,730,0.524581067584064,0.7184250378596668,0.4030780148621986
401856600,731,0.5251029722809751,0.7182029748052211,0.403449998737877
401856600,732,0.5255735870173475,0.7177329412957518,0.4039203228607978
401856600,733,0.5263039568345323,0.7173604060913705,0.4044717753715809
401856600,734,0.5264523406655386,0.717059780398536,0.4046962801335013
401856600,735,0.5264110394751725,0.7165715450468814,0.4049197472141456
401856600,736,0.5273118766999093,0.7161389172625128,0.40558647971869827
401856600,737,0.528070772371555,0.7156160458452722,0.4062273632631414
401856600,738,0.5288909070269043,0.7153846153846154,0.40675314582114447
401856600,739,0.5291780199818347,0.7155313910545753,0.4068233144636297
401856600,740,0.5294251048871754,0.7155322862129145,0.40694640933713044
401856600,741,0.5302119941049768,0.7152100236212385,0.4075009852418691
401856600,742,0.5312110569842529,0.7144911163602753,0.4083599703119888
401856600,743,0.5318377520960798,0.7138897443794272,0.4089740038583263
401856600,744,0.53255444646098,0.7133620689655172,0.4095961887477314
401856600,745,0.533197139938713,0.712292222450236,0.41045245874423847
401856600,746,0.5338183471638058,0.7111293803309012,0.4113444834164523
401856600,747,0.5348598769651401,0.7099464579901154,0.4124567094875124
401856600,748,0.5355715427657873,0.7089690721649484,0.41330123530041946
401856600,749,0.5355385143641982,0.7085867436346769,0.41347588536476065
401856600,750,0.5347023058391649,0.7084449021627188,0.41312870183822303
401856600,751,0.5338319907940161,0.7083633371052361,0.41273432684439
401856600,752,0.5328332371609925,0.7083290541234466,0.41225209151877296
401856600,753,0.532524552281918,0.7081324992308481,0.41219602652553494
401856600,754,0.5316982878297085,0.7079618813403012,0.41186820324470363
401856600,755,0.5305012154184512,0.7082010852871916,0.4111500650656298
401856600,756,0.5302767164524719,0.7086106276236306,0.41083304441442065
401856600,757,0.5302277193388047,0.7086791679475356,0.41077427569563457
401856600,758,0.530381644183097,0.7090462042823481,0.41066771995037443
401856600,759,0.5305088648399724,0.7097170971709718,0.4103958838345003
401856600,760,0.5302368360542653,0.7103993429832666,0.40991874653549937
401856600,761,0.5302491103202847,0.7112914825850201,0.4094788138676323
401856600,762,0.5305584221992891,0.7120526532291238,0.4092528844850826
401856600,763,0.5300389818848887,0.7121664777995261,0.4089362520426813
401856600,764,0.5301882460973371,0.7128099173553719,0.40868916437098257
401856600,765,0.5309663334482363,0.7134569563866155,0.4087546885308104
401856600,766,0.5316091954022989,0.7141373221148852,0.40873593664370683
401856600,767,0.5322506334945865,0.7153694274134885,0.40844060304054897
401856600,768,0.5327793167128347,0.7161417732044486,0.40831877175419307
401856600,769,0.533858085426554,0.7163496518033469,0.40875421681160357
401856600,770,0.5352161785216178,0.7167030001038098,0.409256589208904
401856600,771,0.5936391963038573,0.6497881574868244,0.47192551940851646
401856600,772,0.5937097466723916,0.6492969396195203,0.47220640352643567
401856600,773,0.5937567045698348,0.6491935483870968,0.472281578091369
401856600,774,0.5931367292225201,0.6492552751344642,0.47194072704402795
401856600,775,0.5920051441431786,0.6493587091435664,0.4713232174998061
401856600,776,0.5906313645621182,0.6494098156968316,0.47061077443264326
401856600,777,0.5889353489868124,0.6492846775865644,0.469825335700124
401856600,778,0.5866695288182892,0.6492266168379529,0.4687214559901681
401856600,779,0.5849279724790367,0.6498855835240275,0.4675211944775046
401856600,780,0.5835666594874004,0.6508912748879391,0.46633769229973066
401856600,781,0.582533692722372,0.6518015665796345,0.46536606307136874
401856600,782,0.5819574835437574,0.6530740276035132,0.4644417279701221
401856600,783,0.5817613452624771,0.6540913366077961,0.46383500432734054
401856600,784,0.5814028660704665,0.6552804763397054,0.46306119486538055
401856600,785,0.5813227057302887,0.6568238731218697,0.46224941630420946
401856600,786,0.580398492191707,0.6567117585848075,0.4618433668034498
401856600,787,0.5793326157158235,0.6561038961038961,0.4616143598059637
401856600,788,0.5785506622160008,0.655387170438032,0.46158174588898443
401856600,789,0.5776725158789967,0.6549361569604485,0.4613681794592741
401856600,790,0.5768443726440495,0.6548360315483603,0.4610041705478446
401856600,791,0.5761232625794634,0.6547001452583524,0.4607115586605555
401856600,792,0.5757249110703891,0.6542889741728036,0.46071796844879276
401856600,793,0.6208565716089656,0.6208565716089656,0.5
401856600,794,0.6204394911155504,0.6204394911155504,0.5
401856600,795,0.6195275590551181,0.6195275590551181,0.5
401856600,796,0.6185437401781038,0.6185437401781038,0.5
401856600,797,0.617687074829932,0.617687074829932,0.5
401856600,798,0.6167833629428362,0.6167833629428362,0.5
401856600,799,0.6166370942490346,0.6166370942490346,0.5
401856600,800,0.617189944716804,0.617189944716804,0.5
401856600,801,0.6178955052664511,0.6178955052664511,0.5
401856600,802,0.6187597707139135,0.6187597707139135,0.5
401856600,803,0.6192015010945481,0.6192015010945481,0.5
401856600,804,0.6196772514315461,0.6196772514315461,0.5
401856600,805,0.6201768070722828,0.6201768070722828,0.5
401856600,806,0.6200519480519481,0.6200519480519481,0.5
401856600,807,0.6196554586965546,0.6196554586965546,0.5
401856600,808,0.6190624351794234,0.6190624351794234,0.5
401856600,809,0.6182365770069581,0.6182365770069581,0.5
401856600,810,0.6180324459234608,0.6180324459234608,0.5
401856600,811,0.6181988742964353,0.6181988742964353,0.5
401856600,812,0.6188486051614251,0.6188486051614251,0.5
401856600,813,0.6193021062558943,0.6193021062558943,0.5
401856600,814,0.6196177273682,0.6196177273682,0.5
401856600,815,0.6199095022624435,0.6199095022624435,0.5
401856600,816,0.6208131451443016,0.6208131451443016,0.5
401856600,817,0.6214022140221402,0.6214022140221402,0.5
401856600,818,0.6214391221776746,0.6214391221776746,0.5
401856600,819,0.6214874286921614,0.6214874286921614,0.5
401856600,820,0.6222386639890075,0.6222386639890075,0.5
401856600,821,0.6232941923198985,0.6232941923198985,0.5
401856600,822,0.6246957993863084,0.6246957993863084,0.5
401856600,823,0.6261108760050783,0.6261108760050783,0.5
401856600,824,0.6279094371561574,0.6279094371561574,0.5
401856600,825,0.6300847457627119,0.6300847457627119,0.5
401856600,826,0.6324215436810857,0.6324215436810857,0.5
401856600,827,0.634560305505463,0.634560305505463,0.5
401856600,828,0.6364698385726423,0.6364698385726423,0.5
401856600,829,0.6385927505330491,0.6385927505330491,0.5
401856600,830,0.6403339755940912,0.6403339755940912,0.5
401856600,831,0.6419143684944737,0.6419143684944737,0.5
401856600,832,0.6427420221338778,0.6427420221338778,0.5
401856600,833,0.6432258064516129,0.6432258064516129,0.5
401856600,834,0.6734886649874056,0.5983803895819654,0.5375541377027201
401856600,835,0.6740888562125827,0.5978963514846061,0.5380962523639883
401856600,836,0.6743307086614173,0.5964086280521187,0.5389610403046493
401856600,837,0.6743624724525134,0.5947512301804264,0.5398056211360435
401856600,838,0.673919899085462,0.5927463403976404,0.5405867793439108
401856600,839,0.6738558653340347,0.5915046953483293,0.5411755849928528
401856600,840,0.6738283307003686,0.59033384246127,0.5417472441195493
401856600,841,0.6735554618304513,0.5896596858638743,0.5419478879832885
401856600,842,0.6733445803458457,0.5887870855148342,0.5422787474155057
401856600,843,0.672750290114991,0.5886331406130686,0.5420585747509612
401856600,844,0.6718783012888232,0.5886524822695035,0.5416129095096598
401856600,845,0.6716007612603088,0.589133755182195,0.5412335030390569
401856600,846,0.6714709622721492,0.5893519528692995,0.5410595047014248
401856600,847,0.671875,0.589422028353326,0.541226485823337
401856600,848,0.6719565448929599,0.5895563065518369,0.5412001191705615
401856600,849,0.5681592039800994,0.6919854481314078,0.4380868779243458
401856600,850,0.5683072169499007,0.6927657697397441,0.4377707236050783
401856600,851,0.5685195376995047,0.6937334510150044,0.43739304334225015
401856600,852,0.5683516483516483,0.6948946962178851,0.4367284760668816
401856600,853,0.5681344021082684,0.6956952548717384,0.43621957361826497
401856600,854,0.5680694429183606,0.6966933977809513,0.43568802256870465
401856600,855,0.5673860383175512,0.6974808324205914,0.43495260294847987
401856600,856,0.5663648409893993,0.6980473437329552,0.43415874862822207
401856600,857,0.5654966227438822,0.6980988593155893,0.43369888171414644
401856600,858,0.5642278228044854,0.6982357397986795,0.43299604150290294
401856600,859,0.5626737848960072,0.6978603846985088,0.4324067000987492
401856600,860,0.5615812917594655,0.6975815158713021,0.4319998879440817
401856600,861,0.5601202404809619,0.6977221202634136,0.4311990601087741
401856600,862,0.5592522532547012,0.6979054199956812,0.43067341662951
401856600,863,0.5588039128501556,0.6982823809009399,0.4302607659746079
401856600,864,0.5583824019553383,0.699027027027027,0.42967768746415563
401856600,865,0.5584444444444444,0.6991676575505351,0.42963839344695465
401856600,866,0.5591505448076496,0.6995143011332974,0.4298181218371761
401856600,867,0.5595993322203673,0.7001832093975644,0.42970806141140144
401856600,868,0.5601872492197949,0.7003334408949123,0.4299269041624413
401856600,869,0.5604420136175913,0.7001718213058419,0.4301350961558747
401856600,870,0.5606212984691027,0.6999035059504664,0.43035889625931817
401856600,871,0.5608856088560885,0.6989397022598265,0.430972953298131
401856600,872,0.5610192221725525,0.6989293361884368,0.43104494299205787
401856600,873,0.5609919571045576,0.6990790319126151,0.43095646259597126
401856600,874,0.5610763733809736,0.6986815307106871,0.43119742133514327
401856600,875,0.5612233508204041,0.6981658264507133,0.43152876218484537
401856600,876,0.5613270777479893,0.6976269730484269,0.4318500523497812
401856600,877,0.5611719973160367,0.6971097023745568,0.43203114747073995
401856600,878,0.5608471537427163,0.6969794689884984,0.43193384237710897
401856600,879,0.5608054899313759,0.6965168780907331,0.4321443059203214
401856600,880,0.560677966101695,0.6960025789813024,0.4323376935601963
401856600,881,0.5605716878402904,0.6957549704459968,0.43240835869714683
401856600,882,0.560588772250114,0.6953015804752177,0.43264359588744816
401856600,883,0.5611940298507463,0.6948296248521982,0.433182202499274
401856600,884,0.5620741425106826,0.6943339425868186,0.433870099961932
401856600,885,0.563189044911222,0.694020219402022,0.4345844127546
401856600,886,0.5637975274084441,0.6935657413384979,0.4351158930349731
401856600,887,0.5643610785463071,0.6930202498922878,0.43567041432700965
401856600,888,0.5647253006366423,0.692431908709226,0.43614669596370814
401856600,889,0.5644665247220251,0.6923242544945635,0.4360711351137308
401856600,890,0.5638688291701196,0.692299407646742,0.4357847107616888
401856600,891,0.5635352579271179,0.6919512983514707,0.4357919797878236
401856600,892,0.5633203263568641,0.6911701208981001,0.436075102729382
401856600,893,0.5638875767595655,0.6907517577068686,0.43656790952634844
401856600,894,0.5650789908040557,0.6899056706060934,0.4375866600989811
401856600,895,0.5662154208357858,0.689355224529738,0.4384300981530239
401856600,896,0.5673675555033478,0.6884460415986061,0.43946075695237086
401856600,897,0.568229777256741,0.6876294277929156,0.4403001747319127
401856600,898,0.5683655536028119,0.6864434507579888,0.44096105142241154
401856600,899,0.5689513766842413,0.6853626660858201,0.44179435529921063
401856600,900,0.5858470008028444,0.6550602017572404,0.46539339952280195
401856600,901,0.5841538813831005,0.6540505368181325,0.465051672282484
401856600,902,0.5827329902801601,0.6533998481726494,0.46466657105375536
401856600,903,0.5816933638443936,0.6525230602278893,0.46458515180825216
401856600,904,0.5809851088201604,0.6517769807629605,0.46460406402859994
401856600,905,0.5807007466973004,0.6518187758658245,0.464440985415738
401856600,906,0.5802810412347386,0.6527671651566422,0.46375693803904816
401856600,907,0.580101569713758,0.6532311062431544,0.4634352317353018
401856600,908,0.5807123034227567,0.653960232890256,0.4633760352662504
401856600,909,0.5819823992589161,0.654371283858181,0.4638055577003676
401856600,910,0.5827922077922078,0.6548144876325088,0.46398886007984946
401856600,911,0.5833236557891069,0.6552908587257618,0.4640163985316726
401856600,912,0.5838855946982909,0.655,0.46444279734914545
401856600,913,0.584332440926551,0.6540516473731077,0.46514039677672164
401856600,914,0.5850046641791045,0.6541076803031992,0.4654484919379526
401856600,915,0.5855624342950589,0.6541596873255164,0.46570137348477125
401856600,916,0.5854885898186074,0.6541731931080779,0.46565769835526477
401856600,917,0.5860007034822371,0.6543887147335423,0.4658059943743474
401856600,918,0.5863972747562551,0.6547632374342326,0.4658170186610113
401856600,919,0.5872120357310766,0.6556350626118068,0.4657884865596349
401856600,920,0.587820362097343,0.6566063044936284,0.4656070288018573
401856600,921,0.5884565651816152,0.6567948144836835,0.46583087534896583
401856600,922,0.5890089243776421,0.6565047459519822,0.46625208921282996
401856600,923,0.5895329734804037,0.6559187771951356,0.46680709814263405
401856600,924,0.6280508765898934,0.6280508765898934,0.5
401856600,925,0.6276376146788991,0.6276376146788991,0.5
401856600,926,0.626562679206331,0.626562679206331,0.5
401856600,927,0.6246129143250373,0.6246129143250373,0.5
401856600,928,0.62277784149558435,0.62277784149558435,0.5
401856600,929,0.6210103329506315,0.6210103329506315,0.5
401856600,930,0.6201746323529411,0.6201746323529411,0.5
401856600,931,0.6196276717995863,0.6196276717995863,0.5
401856600,932,0.618806759397632,0.618806759397632,0.5
401856600,933,0.6178534453008168,0.6178534453008168,0.5
401856600,934,0.6179684803865179,0.6179684803865179,0.5
401856600,935,0.6175523349436393,0.6175523349436393,0.5
401856600,936,0.6170653173873045,0.6170653173873045,0.5
401856600,937,0.6159411967382565,0.6159411967382565,0.5
401856600,938,0.6149965604219215,0.6149965604219215,0.5
401856600,939,0.6144867833848267,0.6144867833848267,0.5
401856600,940,0.6142857142857143,0.6142857142857143,0.5
401856600,941,0.5609248837778321,0.6729928686450426,0.44396600756639476
401856600,942,0.560730481676676,0.6739155448164769,0.4434074684300996
401856600,943,0.5608738340697104,0.6742284661446338,0.44332268396253827
401856600,944,0.5618157214909583,0.6741961507433445,0.4438097853738069
401856600,945,0.5621301775147929,0.673634368864765,0.44424790432501393
401856600,946,0.563155945178417,0.673261598981835,0.444947173098291
401856600,947,0.5641754169240272,0.6731147920769142,0.4455303124235565
401856600,948,0.5646477132262052,0.6730099791134834,0.4458188670563609
401856600,949,0.565168956554029,0.6725581395348837,0.4463054085095726
401856600,950,0.5650396432111001,0.6726086449959222,0.44621549910758895
401856600,951,0.5639880952380952,0.6731172767544882,0.4454354092418035
401856600,952,0.5633837757380302,0.6740524781341107,0.44466564880195975
401856600,953,0.5628801986343885,0.6749095999066838,0.4439852993638524
401856600,954,0.5620111731843576,0.6757607555089192,0.44312520883771916
401856600,955,0.5613207547169812,0.6764911463187325,0.4424148041991243
401856600,956,0.56072447587148,0.6777648428405122,0.4414798165154839
401856600,957,0.5603523136087334,0.6791574537414174,0.44059742993365797
401856600,958,0.5611207537813042,0.6798929485687689,0.44061390260626765
401856600,959,0.5616625310173697,0.6804603045449262,0.44060111323622175
401856600,960,0.5616319444444444,0.6813850801766209,0.44012343213391175
401856600,961,0.5619496465335483,0.6822245442935098,0.43986255112001926
401856600,962,0.5624922427702619,0.6824347826086956,0.44002873008078314
401856600,963,0.5630742488204619,0.6822548906123393,0.44040967910406126
401856600,964,0.563771712158809,0.6820228611014895,0.44087442552865974
401856600,965,0.5635934979525996,0.6822160792444137,0.44068870935409293
401856600,966,0.5636792452830188,0.6817137606248564,0.4409827423290812
401856600,967,0.5637967449372593,0.6808291342189647,0.4414838053591473
401856600,968,0.5638826746209297,0.679721397579356,0.44208063852078683
401856600,969,0.5633312616532008,0.6792710706150342,0.4420300955190833
401856600,970,0.5627721786736345,0.6785633098431462,0.44210443441524416
401856600,971,0.5624221280837279,0.6774449739051509,0.4424885770892885
401856600,972,0.5623910336239103,0.6760770975056689,0.4431569680591207
401856600,973,0.5616830573882734,0.6755530346001134,0.44306501139408
401856600,974,0.5608267961648612,0.6753629764065335,0.44273190987916383
401856600,975,0.5602792669243236,0.6752981260647359,0.44249057042979384
401856600,976,0.560059872770363,0.6749658935879945,0.4425469895911842
401856600,977,0.5598653030680968,0.6747070201388099,0.44257914146464344
401856600,978,0.5594658679645576,0.6744503929832555,0.44250773749065103
401856600,979,0.5585810642018486,0.6744186046511628,0.4420812297753429
401856600,980,0.5578027465667915,0.6745326037391701,0.4416350714138107
401856600,981,0.5575364667747164,0.6745299145299145,0.4415032761224009
401856600,982,0.5573260301257313,0.6738387978142076,0.44174361615576185
401856600,983,0.5569100634407265,0.6732256596906279,0.4418422018750493
401856600,984,0.556549838429033,0.6723099647767299,0.4421199368261516
401856600,985,0.5563144169874581,0.6716993983426042,0.44230750932242696
401856600,986,0.5569903153712441,0.6708602516150969,0.4430650318780736
401856600,987,0.5583416087388282,0.6699117047769979,0.44421495198091515
401856600,988,0.5602484472049689,0.6692342546443135,0.4455070962803277
401856600,989,0.5616455381556053,0.6690867838910948,0.44627937713225524
401856600,990,0.5634397912265441,0.6691301876065947,0.4471548018099747
401856600,991,0.5657093124456049,0.6694393801276208,0.448134966158992
401856600,992,0.5673052998258273,0.6695176188847075,0.4488938404705599
401856600,993,0.5684053280219096,0.669901804064855,0.4492517619785273
401856600,994,0.5691866982189563,0.6700217316710512,0.44958248327395256
401856600,995,0.5693285162576305,0.6696020128087832,0.44986325172442365
401856600,996,0.569165523263066,0.6694063926940639,0.44987956528450107
401856600,997,0.56825,0.6694403282799498,0.4494048358600251
401856600,998,0.5670090180360722,0.669435593991807,0.4487867120221326
401856600,999,0.5660851010417974,0.6696255832479799,0.44822975889690875
401856600,1000,0.5655624134021917,0.6696255832479799,0.4479684150771059
401856600,1001,0.564634454844422,0.6695108077360638,0.4475618235541791
401856600,1002,0.5635555555555556,0.669169510807736,0.4471930223739098
401856600,1003,0.562444302991725,0.6685284395303773,0.44695793173067383
401856600,1004,0.5988103908715707,0.6258454966180135,0.48648244712677863
401856600,1005,0.599024984765387,0.62486602357985,0.4870794805927685
401856600,1006,0.5992660550458716,0.6245219885277247,0.48737203325907347
401856600,1007,0.5989449147343884,0.6238323353293413,0.4875562897025235
401856600,1008,0.5989666625661213,0.6235914648765284,0.48768759884479645
401856600,1009,0.5986193293885601,0.6241304869273206,0.48724442123061973
401856600,1010,0.5981966403162056,0.6253298153034301,0.4864334125063877
401856600,1011,0.5973560662218927,0.6265868263473053,0.4853846199372937
401856600,1012,0.5963200790318597,0.6277066634764924,0.48430670777768364
401856600,1013,0.5949679329057721,0.6289165271466156,0.48302570287957824
401856600,1014,0.6138530228068059,0.6138530228068059,0.5
401856600,1015,0.611774641090602,0.611774641090602,0.5
401856600,1016,0.609105180533752,0.609105180533752,0.5
401856600,1017,0.6064048338368581,0.6064048338368581,0.5
401856600,1018,0.6037050490374137,0.6037050490374137,0.5
401856600,1019,0.6016763848396501,0.6016763848396501,0.5
401856600,1020,0.599975615703487,0.599975615703487,0.5
401856600,1021,0.599093581577658,0.599093581577658,0.5
401856600,1022,0.5988700564971752,0.5988700564971752,0.5
401856600,1023,0.5991633858267716,0.5991633858267716,0.5
401856600,1024,0.5990385800566991,0.5990385800566991,0.5
401856600,1025,0.5985410484668645,0.5985410484668645,0.5
401856600,1026,0.5977937530986613,0.5977937530986613,0.5
401856600,1027,0.5970705064548163,0.5970705064548163,0.5
401856600,1028,0.5960009935419771,0.5960009935419771,0.5
401856600,1029,0.5947054436987322,0.5947054436987322,0.5
401856600,1030,0.5937810945273632,0.5937810945273632,0.5
401856600,1031,0.5933806146572104,0.5933806146572104,0.5
401856600,1032,0.6746747919840619,0.5409120102761721,0.566881390853945
401856600,1033,0.6760315034677324,0.53954802259887,0.5682417404344312
401856600,1034,0.6780200353565115,0.538283955367449,0.5698680399945313
401856600,1035,0.6795749704840613,0.5375160051216389,0.5710294826812112
401856600,1036,0.6810548722800378,0.5373592630501536,0.5718478046149421
401856600,1037,0.682603550295858,0.5378226424738053,0.5723904539110263
401856600,1038,0.684073416222617,0.5381864623243934,0.5729434769491117
401856600,1039,0.6858731661145291,0.5387463296310482,0.5735634182417404
401856600,1040,0.6880170172536043,0.5391881541996426,0.5744144315269808
401856600,1041,0.6897487318626873,0.5392382413087935,0.5752552452769468
401856600,1042,0.6913478516774574,0.5388162951575711,0.5762657782599432
401856600,1043,0.6927597555242125,0.5375930202720041,0.5775833676261042
401856600,1044,0.6932926113003641,0.5361778691684873,0.5785573710659384
401856600,1045,0.6936789023103085,0.534689149182649,0.5794948765638297
401856600,1046,0.693975621190811,0.5335224342444559,0.5802265934731776
401856600,1047,0.6940666041275797,0.5326620191066357,0.580702292510472
401856600,1048,0.6938057250117315,0.531661928146808,0.5810718984324618
401856600,1049,0.6935805656613073,0.5314802844214609,0.5810501406199232
401856600,1050,0.6931111371904706,0.5320662011895526,0.580522468000459
401856600,1051,0.6932018316308559,0.5324104023806443,0.5803957146251058
401856600,1052,0.6928143008349994,0.5327550491973071,0.5800296258188462
401856600,1053,0.6917010005885815,0.5341365461847389,0.5787822272019213
401856600,1054,0.6903332155893088,0.535658713692946,0.5773372509481813
401856600,1055,0.6888626988803771,0.5377236193933108,0.5755695397435332
401856600,1056,0.7580243989103399,0.4739782416936195,0.6420230786083602
401856600,1057,0.7573057733428368,0.47374613913810854,0.6417798171023641
401856600,1058,0.7567213894837022,0.4737538597265108,0.6414837648785957
401856600,1059,0.7559871321339211,0.4737615757753932,0.6411127781792639
401856600,1060,0.7555529018390256,0.473792394655704,0.6408802535916608
401856600,1061,0.7550215208034433,0.47392323469088776,0.6405491430562777
401856600,1062,0.7546423864861627,0.47470020473822755,0.6399710908739675
401856600,1063,0.7540196784257259,0.47534286548001164,0.6393384064728571
401856600,1064,0.753182800864761,0.47601744186046513,0.6385826795021479
401856600,1065,0.7523775129408932,0.476639582124202,0.6378689654083456
401856600,1066,0.751838013739906,0.4761284722222222,0.6378547707588419
401856600,1067,0.7517482517482518,0.47542165201095576,0.638163299868648
401856600,1068,0.751716660643296,0.47455434157561815,0.6385811595338389
401856600,1069,0.7515931225201394,0.47339738993259717,0.6390978662937712
401856600,1070,0.7516835016835017,0.4723574906903466,0.6396630054965775
401856600,1071,0.7518652226233453,0.4713549126324835,0.640255154995431
401856600,1072,0.7519836499158452,0.47065559690810194,0.6406640265038717
401856600,1073,0.7516512549537648,0.47104247104247104,0.6403043919556469
401856600,1074,0.7509596928982726,0.471302113078241,0.6398287899100158
401856600,1075,0.750510020400816,0.47075606276747506,0.6398769788166705
401856600,1076,0.7502102607232969,0.46981776765375854,0.6401962465347693
401856600,1077,0.7497896887393342,0.46961090599261573,0.6400893913733592
401856600,1078,0.7490992073024262,0.46974635114071134,0.6396764280808573
401856600,1079,0.7486496218941303,0.4699221514508139,0.6393637352216582
401856600,1080,0.7484397503600576,0.4697141239739598,0.6393628131930489
401856600,1081,0.748648973219647,0.4703798185941043,0.6391345773127712
401856600,1082,0.7490992073024262,0.4711470296327804,0.6389760888348228
401856600,1083,0.7497598463016331,0.4720408742548964,0.6388594860233683
401856600,1084,0.7507500300012,0.4722024740509029,0.6392737779751485
401856600,1085,0.7519203072491598,0.4715933361811192,0.6401634855340204
401856600,1086,0.7525513266898788,0.4701779359430605,0.6411866953734091
401856600,1087,0.753844305622297,0.4690215069078479,0.6424113993572246
401856600,1088,0.7544766254056003,0.4670180937455478,0.6437292658300262
401856600,1089,0.7550848477554459,0.4652688632149479,0.644907992270249
401856600,1090,0.7555180316005307,0.4638468133752501,0.6458356091126403
401856600,1091,0.6383372394227211,0.5783909231562662,0.5299731581332274
401856600,1092,0.6389265049858427,0.5781270127528018,0.5303997461165204
401856600,1093,0.6389332677891114,0.5779379585532244,0.5304976546179435
401856600,1094,0.6393181260730929,0.5781893004115226,0.5305644128307851
401856600,1095,0.6396088019559902,0.5776748971193416,0.5309669524183243
401856600,1096,0.6401852077494822,0.5775717780352775,0.5313067148571023
401856600,1097,0.6412093249150073,0.5772703818369453,0.531969471539031
401856600,1098,0.6416626272418807,0.5773409208484221,0.5321608531967292
401856600,1099,0.6418379685610641,0.5781088082901554,0.5318645801354543
401856600,1100,0.6419098143236074,0.5781006746237675,0.53190456984992
401856600,1101,0.6417748917748918,0.5778124188100805,0.5319812364824057
401856600,1102,0.6409548944337812,0.577743109724389,0.531605892354696
401856600,1103,0.6401102192404456,0.5774941390987236,0.531308040070861
401856600,1104,0.6390617520344662,0.5764061072686937,0.5313278223828863
401856600,1105,0.638819170550974,0.5746044200340003,0.5321073752584868
401856600,1106,0.6384679632502088,0.5727964323189927,0.5328357654656081
401856600,1107,0.6380214541120381,0.5716728037874803,0.5331743251622789
401856600,1108,0.6377277599142551,0.5717299578059072,0.532998901054174
401856600,1109,0.6380499405469678,0.5719756999471738,0.533037120299897
401856600,1110,0.6381008902077151,0.5721281101111699,0.5329863900482725
401856600,1111,0.6382070437566703,0.5733987534809707,0.5324041451378498
401856600,1112,0.637904468412943,0.5741429710337497,0.5318807486895967
401856600,1113,0.6380557202133965,0.5743719260933139,0.5318418970600414
401856600,1114,0.6382499407161489,0.5748638235684868,0.5316930585738311
401856600,1115,0.6382524041315446,0.5740839086563994,0.5320842477375727
401856600,1116,0.7217117988394585,0.4897500702049986,0.61598086431723
401856600,1117,0.7200145384056215,0.4903252944475603,0.6148446219790307
401856600,1118,0.7181322013341419,0.4910364145658263,0.6135478933841578
401856600,1119,0.7162457503642545,0.4913973982375157,0.6124241760633694
401856600,1120,0.7143898881866796,0.4911201230597119,0.6116348825634839
401856600,1121,0.713051940153266,0.49133351970925354,0.6108592102220063
401856600,1122,0.7119902617163725,0.49111763883060566,0.6104363114428835
401856600,1123,0.711641500243546,0.4900504484304933,0.6107955259065263
401856600,1124,0.7118685331710286,0.48903878583473864,0.611414873668145
401856600,1125,0.7123020706455542,0.48808684618638093,0.6121076122295865
401856600,1126,0.7126142595978062,0.48748054887537134,0.6125668553612175
401856600,1127,0.7131367292225201,0.48696145124716556,0.6130876389876773
401856600,1128,0.7133633816542819,0.4863101149099163,0.6135266333721828
401856600,1129,0.7134161188215242,0.48635588402501423,0.613530117398255
401856600,1130,0.7134339255293258,0.4869787960722926,0.6132275647285166
401856600,1131,0.7134687918238228,0.48695280193925566,0.6132579949422836
401856600,1132,0.7140427599611273,0.4865675907402115,0.6137375846104579
401856600,1133,0.7145456751182822,0.48597595878649114,0.6142848581658955
401856600,1134,0.7147878787878787,0.48501362397820164,0.6148871274048385
401856600,1135,0.7154284329172221,0.48411214953271026,0.615658141692256
401856600,1136,0.7164161008729389,0.48315577310682406,0.6166301638830574
401856600,1137,0.7175072744907857,0.4819884726224784,0.6177594009341536
401856600,1138,0.7185832120329937,0.4811347926267281,0.6187242097031328
401856600,1139,0.7194899817850637,0.480943477635553,0.6192732520747554
401856600,1140,0.7201701093560146,0.4813218390804598,0.6194241351377774
401856600,1141,0.7212696096315213,0.48199167742861243,0.6196389661014545
401856600,1142,0.7220466699076324,0.48213004162480266,0.6199583141414149
401856600,1143,0.7228564488705368,0.4821890261419132,0.6203337113643117
401856600,1144,0.72343009838455,0.4826743350107836,0.6203778816868832
401856600,1145,0.7238407380432144,0.48366671463519934,0.6200870117040075
401856600,1146,0.7241086587436333,0.4841452868261747,0.6199816859587293
401856600,1147,0.7251242273663798,0.48469535085186255,0.6202144382572586
401856600,1148,0.725699067909454,0.4854495439409295,0.6201247619842623
401856600,1149,0.7265360425737785,0.48658837175583586,0.6199738354089712
401856600,1150,0.7269426289034132,0.4871646120377085,0.6198890084328523
401856600,1151,0.7278228246399613,0.4876740139211137,0.6200744053594238
401856600,1152,0.7286821705426356,0.487536231884058,0.6205729693292888
401856600,1153,0.7297887836853605,0.48762483716891014,0.6210819732582251
401856600,1154,0.7301374863122034,0.48806250904355375,0.6210374886343248
401856600,1155,0.73046875,0.4884999276725011,0.6209844111637495
401856600,1156,0.7310142087212151,0.48873483535528595,0.6211396866829646
401856600,1157,0.7317133038782523,0.4895397489539749,0.6210867774621387
401856600,1158,0.7319562277142506,0.49019325064897606,0.6208814885326372
401856600,1159,0.7321010474430067,0.4915693904020752,0.6202658285204657
401856600,1160,0.7315717989875293,0.4929394812680115,0.6193161588597589
401856600,1161,0.731173488314579,0.49345041024902836,0.6188615390327753
401856600,1162,0.7306739345887017,0.49396031061259704,0.6183568119880523
401856600,1163,0.7300484051135658,0.49483204134366926,0.6176081818849483
401856600,1164,0.7291044776119403,0.4957742443775963,0.6166651166171719
401856600,1165,0.7282811915742241,0.49649549420683736,0.6158928486836934
401856600,1166,0.7278283647249595,0.4969939879759519,0.6154171883745038
401856600,1167,0.7279540344741444,0.497709049255441,0.6151224926093517
401856600,1168,0.7279209407055292,0.4984245201947866,0.6147482102553713
401856600,1169,0.7278528528528528,0.499212372905628,0.6143202399736125
401856600,1170,0.727397774165312,0.5,0.6136988870826561
401856600,1171,0.7270341207349081,0.5008615738081562,0.613086273463376
401856600,1172,0.7268073417405418,0.50208423170907,0.612361555015736
401856600,1173,0.7264327631414659,0.5022254127781766,0.6121036751816447
401856600,1174,0.7257984031936128,0.5028686173264486,0.6114648929335821
401856600,1175,0.725380204437796,0.5035115379102766,0.6109343332637598
401856600,1176,0.7247260956175299,0.5043727598566308,0.6101766678804496
401856600,1177,0.7242624175276983,0.5048794489092997,0.6096914843091993
401856600,1178,0.7242065961418793,0.5051694428489374,0.609518576646471
401856600,1179,0.7240821406347231,0.5049519161762596,0.6095651122292318
401856600,1180,0.7238805970149254,0.5052389837806803,0.6093208066171225
401856600,1181,0.7235126071295491,0.5053145647802356,0.6090990211746568
401856600,1182,0.7231112765165613,0.5054629097182288,0.6088241833991662
401856600,1183,0.72320654194028,0.5054629097182288,0.6088718161110256
401856600,1184,0.7232330734001733,0.5053145647802356,0.6089592543099689
401856600,1185,0.7231491780991225,0.5052404881550611,0.6089543449720307
401856600,1186,0.7228395061728395,0.5056728421657332,0.6085833320035532
401856600,1187,0.722818709120079,0.5064618035611718,0.6081784527794536
401856600,1188,0.7228260869565217,0.5068846815834768,0.6079707026865224
401856600,1189,0.7227649313713367,0.5070866141732283,0.6078391585990541
401856600,1190,0.7227796358231141,0.5070764832022874,0.6078515763104133
401856600,1191,0.7227526348419094,0.5067905646890636,0.607981035076423
401856600,1192,0.7225670307845085,0.5068689181453921,0.6078490563195582
401856600,1193,0.7228301417557822,0.5065102303619974,0.6081599556968924
401856600,1194,0.7235528942115769,0.5057257371886631,0.6089135785114569
401856600,1195,0.7249061326658323,0.5047264394156402,0.610089846625096
401856600,1196,0.7267595031990968,0.5036559139784946,0.6115517946103011
401856600,1197,0.7265064788023651,0.501514932910114,0.6124957729461256
401856600,1198,0.760120693990445,0.4560012437810945,0.6520597251046752
401856600,1199,0.7593994448650012,0.45720966484801245,0.6510948900084944
401856600,1200,0.7580134296211833,0.45808570534876447,0.6499638621362094
401856600,1201,0.7564167725540025,0.45825486503452606,0.6490809537597382
401856600,1202,0.7542006109979633,0.4591997479521109,0.6475004315229262
401856600,1203,0.7522982635342186,0.4610153408192314,0.6456414613574936
401856600,1204,0.7523298863781438,0.4607719076241696,0.6457789893769871
401856600,1205,0.7523931078493937,0.46061372983233156,0.645889689008531
401856600,1206,0.7521367521367521,0.46039525691699607,0.6458707476098781
401856600,1207,0.7521683673469388,0.46042028756517617,0.6458740398908813
401856600,1208,0.7527717599082452,0.4606635071090047,0.6460541263996202
401856600,1209,0.753342671590475,0.4607362932532786,0.6463031891685982
401856600,1210,0.7538148524923703,0.4606031896415601,0.6466058314254051
401856600,1211,0.7541254125412541,0.4602021478205938,0.6469616323603302
401856600,1212,0.7543392879766883,0.4593996840442338,0.6474698019662273
401856600,1213,0.75448798988622,0.458484896409932,0.648001546738144
401856600,1214,0.7541293657798512,0.4575815131370687,0.6482739263213912
401856600,1215,0.7535246727089627,0.4567627494456763,0.6483809616316432
401856600,1216,0.7530165912518854,0.45592657065991454,0.6485450102959854
401856600,1217,0.7529190207156309,0.4555379746835443,0.6486905230160434
401856600,1218,0.7529500376600552,0.4550917141049968,0.6489291617775292
401856600,1219,0.7531065645788879,0.4546892297959829,0.6492086673914526
401856600,1220,0.7535158211953792,0.4545166903970891,0.6494995653991451
401856600,1221,0.7542713567839195,0.45432958682919106,0.6499708849773642
401856600,1222,0.7548046727798016,0.4542576764798987,0.6502734981499514
401856600,1223,0.7553685796810248,0.45424319189360357,0.6505626938937106
401856600,1224,0.7558373085613859,0.4541712838372645,0.6508330123620607
401856600,1225,0.756054712009035,0.4542002847650688,0.650927213621983
401856600,1226,0.7561465127947817,0.45391414141414144,0.6511161856903201
401856600,1227,0.7563941825476429,0.45350118017309204,0.6514465011872754
401856600,1228,0.7563604461711994,0.4530048642711439,0.6516777909500278
401856600,1229,0.7781305562611125,0.4158854610533492,0.6811225476038816
401856600,1230,0.7775095298602287,0.4153033401499659,0.6811030948551313
401856600,1231,0.7767755050184221,0.4146632566069906,0.6810561242057158
401856600,1232,0.7760701130445827,0.41469234702573715,0.6806888830094229
401856600,1233,0.7753365506731014,0.4150911258729348,0.6801227124000833
401856600,1234,0.7752794715447154,0.41581632653061223,0.6797315725070516
401856600,1235,0.7755905511811023,0.41651095634448787,0.6795397974183073
401856600,1236,0.7759736141063047,0.41721854304635764,0.6793775355299736
401856600,1237,0.7762991128010139,0.4176141184456134,0.6793424971777002
401856600,1238,0.7767789313750316,0.41803695541617225,0.6793709879794296
401856600,1239,0.7771168206556132,0.4176550321924771,0.6797308942315681
401856600,1240,0.777482605945604,0.4164829574359844,0.6804998242548098
401856600,1241,0.7776934749620638,0.41586007811173376,0.680916698425165
401856600,1242,0.7777777777777778,0.4148827726809378,0.6814475025484199
401856600,1243,0.7779749081231783,0.4135056982480014,0.6822346049375885
401856600,1244,0.778327623398046,0.4114742934967654,0.6834266649506402
401856600,1245,0.7785832379498919,0.4090676666098517,0.6847577856700201
401856600,1246,0.7791215786123489,0.4068635820385863,0.6861289982868812
401856600,1247,0.7796610169491526,0.40536843904941017,0.6871462889498712
401856600,1248,0.8106796116504854,0.36759838175799925,0.7215406149462431
401856600,1249,0.8111548556430446,0.3671142173993011,0.7220203191218717
401856600,1250,0.8110659499147764,0.3667953667953668,0.7221352915597048
401856600,1251,0.8112144635136905,0.3671630814487957,0.7220256910324474
401856600,1252,0.8110834534259138,0.3666421748714181,0.7222206392772479
401856600,1253,0.8111402359108781,0.36527165932452277,0.7229342882931777
401856600,1254,0.8109420099711362,0.36428702514222794,0.7233274924144542
401856600,1255,0.8108179073125903,0.3631694790902421,0.7238242141111741
401856600,1256,0.810856992639327,0.3616161616161616,0.7246204155115827
401856600,1257,0.8116190225266763,0.3606105185730048,0.7255042519768358
401856600,1258,0.8116668866305926,0.3590357011409643,0.7263155927448142
401856600,1259,0.8115079365079365,0.35766961651917406,0.7269191599943812
401856600,1260,0.8113657438071268,0.35685260435906907,0.7272565697240289
401856600,1261,0.8113482699191303,0.3558350286665434,0.7277566206262935
401856600,1262,0.8113482699191303,0.35485661424606846,0.7282458278365309
401856600,1263,0.8115211043270507,0.35350731075328523,0.7290068967868828
401856600,1264,0.8114035087719298,0.3514613392526822,0.7299710847596238
401856600,1265,0.8116770847187126,0.34985207100591714,0.7309125068563977
401856600,1266,0.8120270808442851,0.34928848641655885,0.7313692972138631
401856600,1267,0.8119862105542296,0.34823572880103454,0.7318752408765976
401856600,1268,0.8120031796502385,0.34724016983570244,0.732381504907268
401856600,1269,0.8117802779616148,0.3467503692762186,0.7325149543426981
401856600,1270,0.8117149279386486,0.3462956137117582,0.7327096571134453
401856600,1271,0.8121948000527913,0.34676974047487574,0.7327125297889578
401856600,1272,0.812343729438084,0.3475385745775165,0.7324025774302837
401856600,1273,0.8125328428796637,0.34769851457913076,0.7324171641502665
401856600,1274,0.8128608923884515,0.3472298409215579,0.7328155257334468
401856600,1275,0.8128117616172224,0.3474221169611951,0.7326948223280136
401856600,1276,0.8128117616172224,0.34743147576692684,0.7326901429251478
401856600,1277,0.8124344176285414,0.34739319333816077,0.7325206121451904
401856600,1278,0.7502552322613578,0.43503480278422274,0.6576102147385675
401856600,1279,0.7501275510204082,0.4351790450928382,0.6574742529637849
401856600,1280,0.75006372673974,0.43520053032814054,0.6574315982057997
401856600,1281,0.7496820147545153,0.4357403113613779,0.6569708516965687
401856600,1282,0.7493960584869676,0.4362793776895068,0.6565583403987303
401856600,1283,0.7495550470378846,0.4378199834847234,0.6558675317765805
401856600,1284,0.7496821764556318,0.43948625061748725,0.6550979629190723
401856600,1285,0.7496507049409373,0.4415050936575748,0.6540728056416812
401856600,1286,0.7493960584869676,0.4434055118110236,0.652995273337972
401856600,1287,0.7492039230671252,0.44482702082308573,0.6521884511220197
401856600,1288,0.7494887525562373,0.4457377049180328,0.6518755238191023
401856600,1289,0.7494561740243122,0.4467596390484003,0.6513482674879559
401856600,1290,0.7497116493656286,0.4467071768763344,0.6515022362446471
401856600,1291,0.7502884245609537,0.4461058166283273,0.6520913039663132
401856600,1292,0.7513159584028759,0.4447182520124856,0.6532988531951951
401856600,1293,0.751830443159923,0.44278197961196974,0.6545242317739766
401856600,1294,0.7524066230265691,0.441688567674113,0.655359027676228
401856600,1295,0.7528536616647429,0.4418566508118747,0.6554985054264342
401856600,1296,0.7536510376633359,0.4413352970054001,0.6561578703289679
401856600,1297,0.7543837194419557,0.4406199021207178,0.656881908660619
401856600,1298,0.7546153846153846,0.4406834825061025,0.6569659510546411
401856600,1299,0.7551728569592597,0.4405980822363075,0.6572873873614762
401856600,1300,0.7559217301750772,0.4407082521117609,0.6576067390316582
401856600,1301,0.7561321972631035,0.44076060458313016,0.6576857963399867
401856600,1302,0.75618283050628,0.4402669270833333,0.6579579517114733
401856600,1303,0.7562654200753149,0.43971284059389787,0.6582762897407085
401856600,1304,0.7558911600052076,0.43949566071720975,0.6581977496439989
401856600,1305,0.7555410691003911,0.43898026315789473,0.6582804029712481
401856600,1306,0.7546308374641273,0.4387384412153236,0.6579461981244018
401856600,1307,0.753952698288253,0.43804942776579864,0.6579516352612271
401856600,1308,0.7535303347280334,0.43736447039199333,0.65808293216802
401856600,1309,0.7535303347280334,0.4361684281160879,0.6586809533059728
401856600,1310,0.7532399528734127,0.43514926631809747,0.6590453432776576
401856600,1311,0.7530088958660387,0.434051943642845,0.6594784761115968
401856600,1312,0.7528765690376569,0.4334470989761092,0.6597147350307738
401856600,1313,0.7524817136886103,0.432145305003427,0.6601682043425916
401856600,1314,0.7518248175182481,0.4315644856603126,0.6601301659289678
401856600,1315,0.7513668315542827,0.4315445476436188,0.659911141955332
401856600,1316,0.7504548999220172,0.43169304886441845,0.6593809255287995
401856600,1317,0.7493180932588648,0.43179081369344574,0.6587636397827095
401856600,1318,0.7479843953185956,0.4320329953600275,0.6579756999792841
401856600,1319,0.7464239271781534,0.4317127641298746,0.6573555815241394
401856600,1320,0.7446393762183235,0.4323489010989011,0.6561452375597112
401856600,1321,0.7432696059305501,0.432864010989011,0.6552027974707696
401856600,1322,0.7419312857886518,0.4318805765271105,0.6550253546307706
401856600,1323,0.7403695991671004,0.43035806064759297,0.6550057692597537
401856600,1324,0.7387176485888932,0.42832706123845365,0.6551952936752198
401856600,1325,0.7377517868745939,0.4265459514861633,0.6556029176942153
401856600,1326,0.737006237006237,0.42430958063416296,0.65634832818603694
401856600,1327,0.7364451956832662,0.4220292815798434,0.6572079570517113
401856600,1328,0.7359397324327834,0.4200339558573854,0.657952888287699
401856600,1329,0.7356068464730291,0.4188135593220339,0.6583966435754975
401856600,1330,0.735663430420712,0.4185455161891846,0.6585589571157637
401856600,1331,0.7361487795428129,0.41891204880528726,0.6586183653687627
401856600,1332,0.7363402061855671,0.4192073170731707,0.6585664445561982
401856600,1333,0.7363952142030105,0.41968824127414434,0.6583534864644331
401856600,1334,0.7369367056104763,0.42023082145281737,0.6583529420788294
401856600,1335,0.7372740094883959,0.4213215258855586,0.6579762418014187
401856600,1336,0.7373879641485275,0.4226768968456948,0.6573555336514163
401856600,1337,0.7376902417188899,0.42384444823469214,0.6569228967420988
401856600,1338,0.7380800204525119,0.42500854116843184,0.6565357396420399
401856600,1339,0.7386581469648562,0.425419089976052,0.6566195284944021
401856600,1340,0.7393413326525402,0.4257544581618656,0.6567934372453373
401856600,1341,0.7397574984045948,0.4256269323256613,0.6570652830394668
401856600,1342,0.7402398571064047,0.4250343878954608,0.657602734605472
401856600,1343,0.7411089866156788,0.42434662998624484,0.658381178314717
401856600,1344,0.7413112667091025,0.4236326109391125,0.6588393278849951
401856600,1345,0.7415544831089662,0.4226077993471912,0.6594733418808875
401856600,1346,0.7417965285696186,0.42213465821483637,0.6598309351773911
401856600,1347,0.7420333839150227,0.422237380627558,0.6598980016437324
401856600,1348,0.7423057517658931,0.4225614927905004,0.6598721294876964
401856600,1349,0.7424833312366336,0.4227587371264562,0.6598622970550887
401856600,1350,0.742271927620005,0.42284366576819404,0.6597141309259056
401856600,1351,0.7424547283702213,0.4225210084033613,0.6599668599834301
401856600,1352,0.7426915322580645,0.4227928835179591,0.6599493243700527
401856600,1353,0.7427453949028514,0.4232253733847961,0.6597600107590276
401856600,1354,0.7429906542056075,0.42350369872225957,0.659743477741674
401856600,1355,0.7430160535962583,0.4239460370994941,0.6595350082483822
401856600,1356,0.7431320420306368,0.42506765899864685,0.6590321915159949
401856600,1357,0.7434077079107505,0.4260515603799186,0.6586780737654159
401856600,1358,0.7439411242228143,0.4272572402044293,0.6583419420091925
401856600,1359,0.7439055358049771,0.4286691755046185,0.6576181801501793
401856600,1360,0.7439908431896223,0.43016663803470195,0.6569121025774601
401856600,1361,0.7433380084151473,0.4316695352839931,0.6558342365655772
401856600,1362,0.7424804812492001,0.43300034447123664,0.6547400683889817
401856600,1363,0.7417159003339328,0.4335688437015337,0.6540735283161996
401856600,1364,0.7411704047434906,0.4345196959225985,0.653325354410446
401856600,1365,0.7403672097232997,0.43551175656984786,0.652427726576726
401856600,1366,0.7404045643153527,0.43633217993079587,0.6520361921922784
401856600,1367,0.7398595943837754,0.4361149584487535,0.651872317967511
401856600,1368,0.739963503649635,0.4358752166377816,0.6520441435059268
401856600,1369,0.7406584792265483,0.43527367506516074,0.6526924020806938
401856600,1370,0.7412688031393068,0.4339721254355401,0.6536483388518833
401856600,1371,0.7416906568961005,0.4328332170272156,0.6544287199344425
401856600,1372,0.7418424846022802,0.43134511107224066,0.6552486867650198
401856600,1373,0.7412367073651044,0.4298014408715516,0.6557176332467765
401856600,1374,0.7418463966333508,0.42857142857142855,0.6566374840309611
401856600,1375,0.7419652265542677,0.42751060820367753,0.6572273091752951
401856600,1376,0.7417270929466051,0.42753494956644844,0.6570960716900783
401856600,1377,0.7420205750461619,0.4279638490164806,0.6570283630148407
401856600,1378,0.7420760697305864,0.42771084337349397,0.6571826131785462
401856600,1379,0.7427703684141027,0.4276094276094276,0.6575804704023376
401856600,1380,0.7439281942977825,0.42753494956644844,0.658196622365667
401856600,1381,0.7446499339498018,0.42776304155614503,0.6584434461968284
401856600,1382,0.7451446690447879,0.4278377899769789,0.6586534395339045
401856600,1383,0.7455386649041639,0.4267730496453901,0.6593828076293868
401856600,1384,0.7459244532803181,0.4257548845470693,0.6600847843666244
401856600,1385,0.7464788732394366,0.4248039914468995,0.6608374408962685
401856600,1386,0.7459639759839893,0.42395573009639415,0.6610041229437976
401856600,1387,0.7448091091761554,0.4232832618025751,0.6607629236867902
401856600,1388,0.7431870049671097,0.4223179045568712,0.6604345502051192
401856600,1389,0.7416184192810017,0.42165857168555493,0.6599799237977233
401856600,1390,0.7405857740585774,0.42212597004150876,0.6592299020085344
401856600,1391,0.7386900742741391,0.4235357917570499,0.6575771412585446
401856600,1392,0.7366716156026454,0.42505875971795337,0.655806427942346
401856600,1393,0.7354290339989207,0.4262443438914027,0.654592345053759
401856600,1394,0.7345120799028209,0.42696629213483145,0.6537728938839947
401856600,1395,0.7336934503713707,0.42831281679942074,0.652690316785975
401856600,1396,0.7335313174946004,0.4293979388898933,0.6520666893023536
401856600,1397,0.7331354560172693,0.42973265895953755,0.6517013985288658
401856600,1398,0.7329645122115774,0.42968044773424807,0.6516420322386647
401856600,1399,0.7325863930885529,0.42906199168624615,0.6517622007011534
401856600,1400,0.7320826022405182,0.428906955736224,0.6515878232521471
401856600,1401,0.7314902225219151,0.4296002880806626,0.6509449672206262
401856600,1402,0.7313854853911405,0.4297001256958161,0.6508426798476621
401856600,1403,0.7309917911452025,0.42977276793701913,0.6506095116040918
401856600,1404,0.7302569621956142,0.43017256715886854,0.6500421975183728
401856600,1405,0.7299623453469607,0.4300123871881083,0.6499749790794263
401856600,1406,0.7299260255548083,0.43033292231812575,0.6497965516183413
401856600,1407,0.7303038451196558,0.4305287194800632,0.6498875628197963
401856600,1408,0.730495501544246,0.42982610223080975,0.6503346996567181
401856600,1409,0.7310428130452288,0.42962572482867684,0.650708544108276
401856600,1410,0.7321979348263377,0.42955145118733506,0.6513232418195013
401856600,1411,0.7337349397590361,0.42930183356840623,0.652216553095315
401856600,1412,0.7350621574655795,0.4294294294294294,0.6528163640180751
401856600,1413,0.7363223912463304,0.42975790775755435,0.653282241744388
401856600,1414,0.737410071942446,0.4303105151729005,0.6535497783847728
401856600,1415,0.7390029325513197,0.43116516834126567,0.653918882105027
401856600,1416,0.7399653287104947,0.4317421173154835,0.6541116056975056
401856600,1417,0.7400933955970647,0.43221830985915494,0.6539375428689549
401856600,1418,0.7402857524369074,0.4325180362484603,0.6538838580942236
401856600,1419,0.740344781504744,0.4324467148141624,0.6539490333452909
401856600,1420,0.8335668254413001,0.30770842061164644,0.7629292024148269
401856600,1421,0.8330997757847534,0.3065632208010065,0.7632682774918734
401856600,1422,0.832469533548116,0.3063157894736842,0.7630768720372159
401856600,1423,0.8316762358213136,0.3057553956834532,0.7629604200689302
401856600,1424,0.8309760537739812,0.30480033984706884,0.7630878569634562
401856600,1425,0.8298080963720409,0.3039027511196417,0.7629526726261996
401856600,1426,0.8290837769683385,0.3020967051775781,0.7634935358953803
401856600,1427,0.82893998878295,0.30085653104925053,0.7640417288668497
401856600,1428,0.8290490237392892,0.2990154109589041,0.7650168063901925
401856600,1429,0.8286880630630631,0.2969050160085379,0.7658915235272625
401856600,1430,0.8287043564077259,0.2954062101233518,0.7666490731421871
401856600,1431,0.8286239050579259,0.2936440677966102,0.7674899186306579
401856600,1432,0.828850509626274,0.29141169023000635,0.7687194096981338
401856600,1433,0.8291542711432214,0.28949579831932776,0.7698292364119468
401856600,1434,0.8290852449730954,0.2876282185472054,0.770728513212945
401856600,1435,0.8292061695203057,0.2860722489037377,0.771566960308284
401856600,1436,0.8300367335405482,0.28488129945855895,0.7725777170409946
401856600,1437,0.8308148566586641,0.2831012263562669,0.7738568151511986
401856600,1438,0.8314527503526093,0.28171641791044777,0.7748681662210808
401856600,1439,0.831829715252326,0.28089422479817844,0.7754677452270737
401856600,1440,0.8322289581277316,0.28004136504653565,0.776093796540598
401856600,1441,0.8328627893845285,0.2795120942733099,0.7766753475556093
401856600,1442,0.8327924368562156,0.2791322314049587,0.7768301027256285
401856600,1443,0.8327457340290509,0.2787766067369291,0.7769845636460609
401856600,1444,0.8326519103341322,0.2790505675954592,0.7768006713693365
401856600,1445,0.8324636863629954,0.2803295571575695,0.776067064602713
401856600,1446,0.8327697943082558,0.28087812884694296,0.7759458327306564
401856600,1447,0.8328412765359201,0.2819203268641471,0.7754604748358865
401856600,1448,0.8328190743338009,0.28257328990228014,0.7751228922157604
401856600,1449,0.8332399103139013,0.28400081317340925,0.7746195485702461
401856600,1450,0.8334968465311843,0.2854530678585941,0.7740218893362951
401856600,1451,0.833450161222487,0.28632391790286527,0.7735631216598109
401856600,1452,0.8336370007007708,0.2869653767820774,0.7733358119593468
401856600,1453,0.8339410939691445,0.2879623952585326,0.7729893493553059
401856600,1454,0.8344817887779497,0.28835489833641403,0.7730634452207679
401856600,1455,0.8347899633493093,0.2894845360824742,0.7726527136334176
401856600,1456,0.8348636813109196,0.2894302229562345,0.7727167291773426
401856600,1457,0.8345110231769362,0.28937577511368334,0.7725676240316264
401856600,1458,0.8345110231769362,0.2899211945250933,0.7722949143259215
401856600,1459,0.8343471495260999,0.2901414309484193,0.7721028592888403
401856600,1460,0.8340648449667281,0.29045729797452496,0.7718037734961015
401856600,1461,0.8340184266477675,0.29106507637581086,0.7714766751359783
401856600,1462,0.8346110164679159,0.29103852596314905,0.7717862452523834
401856600,1463,0.8354664391353811,0.2912295425933697,0.7721184482710057
401856600,1464,0.8366852089573528,0.2906414300736067,0.773021889441873
401856600,1465,0.8380503144654088,0.2896450325561857,0.7742026409546116
401856600,1466,0.8396848137535816,0.28886091881686593,0.7754119474683578
401856600,1467,0.8415457549202701,0.2876282185472054,0.7769587681865323
401856600,1468,0.8431428982587422,0.28580388877273677,0.7786695047430028
401856600,1469,0.8445020896382764,0.28442863122645456,0.7800367292059109
401856600,1470,0.845954132410212,0.2837384744341995,0.7811078289880062
401856600,1471,0.8476190476190476,0.28358522250209905,0.7820169125584743
401856600,1472,0.8487431378214388,0.28403113822848725,0.7823559997964757
401856600,1473,0.8498771853778355,0.2836670179135933,0.7831050837321212
401856600,1474,0.8503607503607503,0.28378378378378377,0.7832884832884832
401856600,1475,0.8506924408540104,0.28498835485919966,0.7828520429974054
401856600,1476,0.8507570295602018,0.2858356338925462,0.7824606978338278
401856600,1477,0.8508797231035478,0.28635204081632654,0.7822638411436107
401856600,1478,0.8508087810514153,0.28741496598639454,0.7816969075325104
401856600,1479,0.8507807981492193,0.2877498936622714,0.781515452243474
401856600,1480,0.8505214368482039,0.28857203660353264,0.7809747001223356
401856600,1481,0.8502253889777519,0.2886619868113167,0.7807817010832176
401856600,1482,0.8502775343266141,0.28762755102040816,0.781324991653103
401856600,1483,0.8502713007772401,0.2859872611464968,0.7821420198153717
401856600,1484,0.8502060035314891,0.2843491187088554,0.7829284424113169
401856600,1485,0.8496683861459101,0.28168117172574825,0.7839936072100809
401856600,1486,0.8494242692648362,0.2789808917197452,0.7852216887725455
401856600,1487,0.8493130447628896,0.2762208067940552,0.7865461189844172
401856600,1488,0.849778434268833,0.27463891248937977,0.7875697608897266
401856600,1489,0.8498379015620395,0.27394351242301973,0.7879471945695099
401856600,1490,0.8497500735077919,0.27442650807136787,0.787661782718212
401856600,1491,0.8493030080704329,0.27552536616429635,0.7868888209530682
401856600,1492,0.8491865748204602,0.2775536207262688,0.7858164770470957
401856600,1493,0.8492749377471803,0.28011026293469043,0.784582337406245
401856600,1494,0.8491505565319274,0.282567252700699,0.7832916519156141
401856600,1495,0.8727409638554217,0.2489311163895487,0.8119049237329365
401856600,1496,0.8716714307206258,0.25101311084624556,0.8103291599371901
401856600,1497,0.8708514792010812,0.2532886869170055,0.8087813961420378
401856600,1498,0.8704841852795683,0.2551608257321171,0.8076616797737255
401856600,1499,0.8703454463885151,0.2563237774030354,0.8070108344927398
401856600,1500,0.8701686315475302,0.25732268215928344,0.8064229746941234
401856600,1501,0.8699865811838378,0.25807234765719833,0.8059571167633197
401856600,1502,0.8702654339397554,0.2577344701583435,0.806265481890706
401856600,1503,0.8706408345752608,0.25641652407724275,0.807112155249009
401856600,1504,0.8704724996273662,0.2552721922511035,0.8076001536881314
401856600,1505,0.8701356791411957,0.25399950775289193,0.8080680856941519
401856600,1506,0.8695781785661052,0.25370187561697927,0.8079381514745629
401856600,1507,0.8692732427995822,0.2532178217821782,0.8080277105087019
401856600,1508,0.8692273202809745,0.2523573200992556,0.8084350000908594
401856600,1509,0.8690387202870384,0.2522969952818475,0.8083708625025955
401856600,1510,0.8688819039066008,0.25204867146759374,0.8084166162195034
401856600,1511,0.8691812602903757,0.25185735512630014,0.8086619525820378
401856600,1512,0.8693828639904134,0.2519762845849802,0.8087032897027167
401856600,1513,0.8700149925037481,0.2519723865877712,0.8090213029579885
401856600,1514,0.8705035971223022,0.25141312361759643,0.8095452367523528
401856600,1515,0.8711270767849124,0.25159391858754293,0.8097665790986848
401856600,1516,0.8718025430067314,0.2515292390506484,0.8101366519780415
401856600,1517,0.872610513739546,0.2518934766674811,0.8103585185360325
401856600,1518,0.8730631704410012,0.251708984375,0.8106770930330006
401856600,1519,0.8734421364985163,0.2508532423208191,0.8112944470888486
401856600,1520,0.8735411434480721,0.24981756263682803,0.811861790405622
401856600,1521,0.873620715021333,0.24945348554772892,0.812083614736802
401856600,1522,0.8733137829912023,0.24830097087378641,0.8125064060587079
401856600,1523,0.8731179652097647,0.2471445929526124,0.8129866861285762
401856600,1524,0.872865275142315,0.24635922330097088,0.8132530259206721
401856600,1525,0.872862779482683,0.24514563106796117,0.813858574207361
401856600,1526,0.8726021379411334,0.2439854191980559,0.8143083593715388
401856600,1527,0.8724497284602964,0.24208475401850948,0.8151824872208935
401856600,1528,0.8724624889673434,0.24041981938003418,0.8160213347936546
401856600,1529,0.8720330237358102,0.23874755381604695,0.8166427349598816
401856600,1530,0.8716735659373152,0.2372673849167483,0.8172030905102834
401856600,1531,0.8710775606867969,0.23601570166830227,0.8175309295092473
401856600,1532,0.8705812749593256,0.23500491642084562,0.81778817926924
401856600,1533,0.8701951507983442,0.23510585918266863,0.8175446458078377
401856600,1534,0.8693207044546396,0.23575832305795313,0.8167811906983432
401856600,1535,0.86823773528975845,0.2361523244312562,0.8160427054292512
401856600,1536,0.8676863676863676,0.23644466452092103,0.8156208515827232
401856600,1537,0.8670133729569094,0.23650321941555225,0.8152550767706785
401856600,1538,0.8282397884219806,0.3235294117647059,0.7523551883286375
401856600,1539,0.8278953556731334,0.32507552870090634,0.7514099134861135
401856600,1540,0.8277941176470588,0.32615260720756994,0.7508207552197443
401856600,1541,0.8272713886025622,0.3274924471299094,0.7498894707363264
401856600,1542,0.8271331561854148,0.32904263877715206,0.7490452587041314
401856600,1543,0.8274788795020009,0.33038585209003213,0.7485465137059844
401856600,1544,0.827688651218063,0.33138832997987927,0.7481501606190919
401856600,1545,0.8284649776453055,0.33225806451612905,0.7481034565645882
401856600,1546,0.8286739422933174,0.3329969727547931,0.7478384847692621
401856600,1547,0.8282419886193471,0.3340743734842361,0.7470838075675554
401856600,1548,0.8281647940074907,0.33448066410204497,0.7468420649527228
401856600,1549,0.8281951511523497,0.33461694365626266,0.7467891037480434
401856600,1550,0.827756199581715,0.33502126797650394,0.7463674658026056
401856600,1551,0.8271125709166915,0.33576199149969643,0.7456752897084975
401856600,1552,0.8260610573343261,0.33663366336633666,0.7447136969839947
401856600,1553,0.8252080856123662,0.33622778675282716,0.7444901494297695
401856600,1554,0.8250408436061191,0.3356178189881072,0.744711512309006
401856600,1555,0.8247882300490414,0.33547609481719565,0.7446560676159228
401856600,1556,0.8241153731787095,0.3347364201242734,0.7446894765272181
401856600,1557,0.8232233125185846,0.3340681362725451,0.7445775881230198
401856600,1558,0.822357663148506,0.3334000800961153,0.7444787915261953
401856600,1559,0.8216465684085157,0.3332666132906325,0.7441899775589416
401856600,1560,0.8746947496947497,0.2401546267214303,0.8172700614866597
401856600,1561,0.8747142203932328,0.23798018845131674,0.818367015970958
401856600,1562,0.8742770167427701,0.23639003145414952,0.8189434926443103
401856600,1563,0.8741067355937358,0.23425387596899225,0.8199264298123717
401856600,1564,0.8744299179081788,0.23225962702833616,0.8210851454399213
401856600,1565,0.8748288973384031,0.22938894277400582,0.8227199772821987
401856600,1566,0.8752851711026616,0.22744907856450047,0.8239180462690805
401856600,1567,0.8761223558058134,0.22550205661746914,0.8253101495941721
401856600,1568,0.8771502511797838,0.2246376811594203,0.8262562850101818
401856600,1569,0.877889294403893,0.2239884393063584,0.8269504275487674
401856600,1570,0.8780932139061788,0.22334293948126802,0.8273751372124554
401856600,1571,0.8776499091459722,0.22323353293413173,0.8272081881059202
401856600,1572,0.8765899454875833,0.22363071035637408,0.8264796175656046
401856600,1573,0.876137052759248,0.22389486260454003,0.826121095077354
401856600,1574,0.875644525326054,0.2241090648170294,0.8257677302545123
401856600,1575,0.8750758955676988,0.22432367728034475,0.8253761091436771
401856600,1576,0.8748669606203436,0.22392344497607655,0.8254717578221336
401856600,1577,0.8750190519737845,0.2241626794258373,0.8254281862739736
401856600,1578,0.8754203607459492,0.2243482420473571,0.8255360593492961
401856600,1579,0.8758610133170059,0.224450811843362,0.8257051007368219
401856600,1580,0.8758610133170059,0.2249820874134225,0.8254394629517917
401856600,1581,0.8766094420600858,0.2258295535927429,0.8253899442336714
401856600,1582,0.8771714066102998,0.22656808967326497,0.8253016584685174
401856600,1583,0.8773715872281351,0.22802001429592567,0.8246757864661047
401856600,1584,0.877434312210201,0.22877526753864447,0.8243295223357783
401856600,1585,0.8205519134014332,0.32788918751292123,0.746331362944256
401856600,1586,0.8196771245811758,0.32872186661160435,0.7454776289847858
401856600,1587,0.8190244643671175,0.3285920428777572,0.7452162107446803
401856600,1588,0.8185404339250493,0.32783845044302495,0.7453509917410122
401856600,1589,0.8185117967332124,0.3266694146743611,0.7459211910294257
401856600,1590,0.8182915786296409,0.3250051620896139,0.7466432082700134
401856600,1591,0.8175237520735937,0.3229942100909843,0.7472647709913047
401856600,1592,0.8169501731145566,0.3205711920529801,0.7481894905307882
401856600,1593,0.8167617903274257,0.317022600041468,0.7498695951429788
401856600,1594,0.8167664670658683,0.31465338314653385,0.7510565419596672
401856600,1595,0.8165671641791045,0.3121495327102804,0.752208815734412
401856600,1596,0.8165847848741998,0.30962256325176274,0.7534811108112185
401856600,1597,0.8167632634864022,0.3079785035138487,0.7543923799862767
401856600,1598,0.8172250222353987,0.3065843621399177,0.7553203300477405
401856600,1599,0.8175765645805593,0.30600532896085264,0.7557856178098533
401856600,1600,0.8179400029555194,0.3059183673469388,0.7560108178042904
401856600,1601,0.8185042861365652,0.30554990851799146,0.7564771888092869
401856600,1602,0.8194711183335796,0.3061017636326779,0.7566846773504508
401856600,1603,0.8200354609929078,0.30677451971688574,0.756630470638011
401856600,1604,0.8208007091150835,0.3066828184938421,0.7570589453106207
401856600,1605,0.821122599704579,0.30767676767676766,0.7567229160139057
401856600,1606,0.8212860310421286,0.3086245202989295,0.7563307553715996
401856600,1607,0.8213862559241706,0.30952380952380953,0.7559312232001805
401856600,1608,0.8214179768614654,0.3101431740270216,0.755637401417222
401856600,1609,0.8778448676265675,0.23908918406072105,0.8193778417829233
401856600,1610,0.878169449598021,0.2402181645719706,0.8189756425130252
401856600,1611,0.8786287831995059,0.24159166271909047,0.8185185602402076
401856600,1612,0.8792173779078725,0.24196597353497165,0.8186257021864505
401856600,1613,0.8799445898106818,0.24146858084255118,0.8192380044840653
401856600,1614,0.8807875711429011,0.24107981220657276,0.8198538794681642
401856600,1615,0.8809670465044657,0.2405152224824356,0.820225912011015
401856600,1616,0.8811652281134402,0.23990665110851808,0.8206292885024611
401856600,1617,0.8810810810810811,0.23934807916181605,0.8208665009596325
401856600,1618,0.8810040285094515,0.239292364990689,0.8208558317593813
401856600,1619,0.880659716819667,0.2399441990234829,0.820357758898092
401856600,1620,0.8801311066021539,0.24050337916569564,0.8198138637182291
401856600,1621,0.8794803568633589,0.24118608452019613,0.8191471361715814
401856600,1622,0.8792156862745099,0.2414519906323185,0.8188818478210957
401856600,1623,0.8789498506524132,0.24177631578947367,0.8185867674314697
401856600,1624,0.8785444234404537,0.24162340726757905,0.8184605080864373
401856600,1625,0.8782718385367392,0.24102079395085066,0.8186255222929443
401856600,1626,0.8779564806054873,0.2399715167339188,0.8189924819357842
401856600,1627,0.8777602523659306,0.23909415971394518,0.8193330463259927
401856600,1628,0.8775639002840012,0.23781070745697896,0.8198765964135111
401856600,1629,0.8773451048399811,0.23718255869669383,0.8200812730716436
401856600,1630,0.8770104068117314,0.23663390074322704,0.8201882530342521
401856600,1631,0.8767533490937747,0.23640718562874252,0.8201730817325161
401856600,1632,0.8762983947119924,0.23574508864398658,0.8202766530340029
401856600,1633,0.9357254833652674,0.13266666666666665,0.9015294083493004
401856600,1634,0.9363557105492589,0.13291139240506328,0.9017221590720979
401856600,1635,0.9367485624673288,0.13195601466177942,0.9023962739027747
401856600,1636,0.9369228088517163,0.13128957014328557,0.9028166193542153
401856600,1637,0.9370751263726687,0.1299566811062979,0.9035592226331854
401856600,1638,0.9372056514913658,0.12875250166777852,0.9042265749117937
401856600,1639,0.9372384937238494,0.12787979966611018,0.9046793470288697
401856600,1640,0.9370531822144725,0.12650200267022696,0.9052755897721227
401856600,1641,0.9365743160829413,0.12420701168614358,0.9061836521983988
401856600,1642,0.9361702127659575,0.12166666666666667,0.9072517730496454
401856600,1643,0.9361256544502617,0.11980033277870217,0.9081626608357798
401856600,1644,0.9361590790162219,0.11790102955828628,0.9091290247289678
401856600,1645,0.9363889857093064,0.11665004985044865,0.9098694679294288
401856600,1646,0.9369118159637504,0.11516760703617657,0.9108721044637869
401856600,1647,0.937652385928248,0.1143141153081511,0.9116691353100485
401856600,1648,0.9381533101045296,0.1140495867768595,0.9120518616638351
401856600,1649,0.9386438905351229,0.11448366875618608,0.9120801108894684
401856600,1650,0.9389818688981869,0.11476487997369286,0.9121084944622471
401856600,1651,0.9390605901868343,0.11479173499508036,0.9121344275958769
401856600,1652,0.9388432640223658,0.11448140900195694,0.9121809275102044
401856600,1653,0.9386470896696382,0.11490885416666667,0.9118691177514857
401856600,1654,0.9383190634282719,0.11530944625407166,0.9115048085871
401856600,1655,0.9381101813110181,0.11498371335504887,0.9115632339779847
401856600,1656,0.9381640829123846,0.11394058112961149,0.9121117508913865
401856600,1657,0.937979094076655,0.11209439528023599,0.9129423493982095
401856600,1658,0.9380222841225627,0.11059907834101383,0.9137116028907745
401856600,1659,0.9381748519679555,0.10989738497186362,0.914138733498046
401856600,1660,0.9380114922514365,0.1084137013634852,0.9147988954439756
401856600,1661,0.9252336448598131,0.1292517006802721,0.8979909720897705
401856600,1662,0.9247491638795987,0.12885985748218529,0.8979446531987068
401856600,1663,0.9243514644351465,0.12861832288868993,0.8978665707732283
401856600,1664,0.923836625376632,0.12785114045618248,0.8979927424602248
401856600,1665,0.9238748536054877,0.12774932208496534,0.8980627657602611
401856600,1666,0.9241310160427807,0.1279104928938615,0.8981102615744596
401856600,1667,0.9247239879558381,0.12810417928528164,0.8983099043352782
401856600,1668,0.9250503018108652,0.1279491833030853,0.89855055925389
401856600,1669,0.9253731343283582,0.12669683257918551,0.8993381508745864
401856600,1670,0.9257583375230434,0.1264644037248423,0.8996469668991005
401856600,1671,0.9263422818791947,0.12619617224880383,0.9000730548151954
401856600,1672,0.9267226890756303,0.12574671445639188,0.9004879873096192
401856600,1673,0.9275606469002695,0.1253731343283582,0.9010937562859557
401856600,1674,0.9281851977019263,0.12552176505664878,0.9013317163226388
401856600,1675,0.9287648054145516,0.12622804406073235,0.9012683806769096
401856600,1676,0.9295774647887324,0.12689450222882614,0.9013414812799532
401856600,1677,0.9301020408163265,0.12674384090234492,0.9016790999569908
401856600,1678,0.9303592712412736,0.12700296735905045,0.9016781519411116
401856600,1679,0.9305177111716622,0.1268900088941595,0.9018138511387513
401856600,1680,0.9302999318336742,0.12622222222222224,0.902038854805726
401856600,1681,0.929923273657289,0.12518496596626222,0.9023691538455134
401856600,1682,0.9302166865722573,0.12437223042836042,0.9029222280719484
401856600,1683,0.9305579252687255,0.12396449704142012,0.9032967141136528
401856600,1684,0.9313758962103107,0.12344213649851632,0.9039668798558972
401856600,1685,0.9150174621653085,0.16122121049812532,0.8768981258335916
401856600,1686,0.9153132250580046,0.16022544283413848,0.8775438911119331
401856600,1687,0.9162951956414066,0.1591583490693283,0.8785684232860391
401856600,1688,0.9172697368421052,0.15772357723577235,0.8797730798031664
401856600,1689,0.9181698917677927,0.1571933641555616,0.8804882638061156
401856600,1690,0.9187377370830608,0.15608825932988288,0.881324738876589
401856600,1691,0.918896866840731,0.15581585399073822,0.8815405064249964
401856600,1692,0.9184171958964338,0.15521003818876158,0.8816035788538361
401856600,1693,0.9185800358247842,0.15445598687807546,0.8820620244733544
401856600,1694,0.9183075671277461,0.15414047553976495,0.8820835457939906
401856600,1695,0.9178461037904669,0.1540355677154583,0.8819052680375044
401856600,1696,0.9171684296175753,0.1534667032063579,0.8818508632056087
401856600,1697,0.9167481264255458,0.15403624382207579,0.881355941301735
401856600,1698,0.916883963494133,0.15524360033030554,0.8808201815819138
401856600,1699,0.9171694113810533,0.15702479338842976,0.8800723089963118
401856600,1700,0.9166666666666666,0.15905338470005503,0.8788066409833057
401856600,1701,0.9160816326530612,0.16084685180093483,0.8776173904260631
401856600,1702,0.9148136036625245,0.1631868131868132,0.8758133952378557
401856600,1703,0.9138552243694726,0.16565767749036875,0.874098773439552
401856600,1704,0.9129079875348532,0.16753926701570682,0.8726843602595733
401856600,1705,0.911556797632747,0.16777041942604856,0.8718931891033492
401856600,1706,0.9106347897774114,0.16864805087088747,0.870993369453262
401856600,1707,0.9101439682277015,0.16925638179800223,0.8704437932148497
401856600,1708,0.9099054255848681,0.17014759120022277,0.8698789171923227
401856600,1709,0.9106042949891793,0.17075892857142858,0.8699226832088753
401856600,1710,0.9113333333333333,0.1713091922005571,0.8700120705663881
401856600,1711,0.9123831775700935,0.17157953281423804,0.8704018223779277
401856600,1712,0.9138219544846051,0.17180127671384957,0.8710103388853778
401856600,1713,0.9152002681414446,0.1711037160288408,0.872048276056302
401856600,1714,0.916387399463807,0.17058986430351702,0.872898767580145
401856600,1715,0.9173512154233026,0.1701715550636414,0.8735898301798306
401856600,1716,0.9183707676835401,0.16938380768168002,0.8744934800009301
401856600,1717,0.9196847753185782,0.16758849557522124,0.8760481398716784
401856600,1718,0.9207306854365678,0.16638935108153077,0.8771706671775186
401856600,1719,0.9212242849974912,0.16522948539638388,0.8779973998005537
401856600,1720,0.9217028380634391,0.164021164021164,0.8788408370211376
401856600,1721,0.9225258247250916,0.16317991631799164,0.87967295420355
401856600,1722,0.9234473596811691,0.16238121855785356,0.8805330705616577
401856600,1723,0.9242724867724867,0.1619047619047619,0.8811838624338624
401856600,1724,0.9245593806621644,0.1617152466367713,0.8814220670126965
401856600,1725,0.924745317121262,0.161624649859944,0.881560333630659
401856600,1726,0.9249918113331149,0.16218487394957984,0.8814034686917676
401856600,1727,0.9253755715218811,0.16311659192825112,0.8811294897968149
401856600,1728,0.9256426944354051,0.16330532212885154,0.8811686861532768
401856600,1729,0.8680941484145146,0.24020595477949408,0.8139440968175102
401856600,1730,0.8679830287206266,0.24016100178890876,0.8139110134658589
401856600,1731,0.8681211331813742,0.24045545880776958,0.8138328371868022
401856600,1732,0.868626177330302,0.24107939339875112,0.8137733919657755
401856600,1733,0.8698752228163993,0.24132562277580072,0.8142748000202993
401856600,1734,0.8711507293354943,0.24096652626911993,0.8150921015331871
401856600,1735,0.8721816707218167,0.24081451969898185,0.8156835755114175
401856600,1736,0.8728896103896104,0.24038036267138435,0.8162546238591131
401856600,1737,0.8730081300813008,0.24010612425381384,0.8164510029137435
401856600,1738,0.8723924380704041,0.23967307267506074,0.8163596826976717
401856600,1739,0.8718994778067886,0.2381898454746137,0.8168548161660875
401856600,1740,0.871367939928175,0.23688849713530188,0.8172397213964365
401856600,1741,0.8710255992173488,0.23661599471249173,0.8172048022524285
401856600,1742,0.8704005210029306,0.2363036303630363,0.8170484453199471
401856600,1743,0.8704065040650406,0.23639157155399473,0.8170074662555229
401856600,1744,0.8704965920155794,0.23719912472647703,0.8166487336445512
401856600,1745,0.8710147273021525,0.23792877430631418,0.8165429764979191
401856600,1746,0.8712647391374576,0.2388646288209607,0.8162000551582484
401856600,1747,0.8713110788582487,0.23978142076502731,0.8157648290466106
401856600,1748,0.8713158318569818,0.23994755244755245,0.8156841397047147
401856600,1749,0.8716216216216216,0.23979925812786385,0.8159111817468789
401856600,1750,0.8712425655039383,0.2391020052310375,0.8160702801364503
401856600,1751,0.8715227528541566,0.23780487804878048,0.816858937402688
401856600,1752,0.8714400643604183,0.2365100087032202,0.8174650278285991
401856600,1753,0.8713158318569818,0.23529411764705882,0.8180108571049615
401856600,1754,0.8714101323007422,0.23363675769397485,0.8188866873033837
401856600,1755,0.8715255332902392,0.23235166738847987,0.8195869329508796
401856600,1756,0.8717451075529679,0.23086928246260568,0.8204379125451811
401856600,1757,0.8727743606345095,0.2299000434593655,0.821437158587572
401856600,1758,0.8732826895102634,0.22934379768912144,0.821969445910571
401856600,1759,0.8743142949338496,0.2289024923480542,0.8227059012928977
401856600,1760,0.8755834540479639,0.22855889449440667,0.8235122797767787
401856600,1761,0.8767894482869552,0.22869068541300527,0.8240493814369749
401856600,1762,0.8774690862373534,0.2284833810257539,0.8244928526057997
401856600,1763,0.8779116465863454,0.22842639593908629,0.8247426253236295
401856600,1764,0.8782133676092545,0.22859039610533305,0.8248114857519607
401856600,1765,0.878315383378878,0.2282922496113702,0.8250115668837539
401856600,1766,0.8785151856017998,0.22833593227890397,0.8250896266614478
401856600,1767,0.8784956605593057,0.2298414116595935,0.8243271244498561
401856600,1768,0.878209242618742,0.23070017953321365,0.8237545315427641
401856600,1769,0.8778883183568678,0.23213883254451206,0.8228747429061778
401856600,1770,0.8778258778258778,0.23346920289855072,0.8221783374636635
401856600,1771,0.8774203872619619,0.23430391264786168,0.8215582373070501
401856600,1772,0.8770780051150895,0.23511972633979475,0.8209791393876473
401856600,1773,0.8762376237623762,0.23553624514063573,0.8203506893108703
401856600,1774,0.8758763543658381,0.23494389741241126,0.8204662284767135
401856600,1775,0.8758938503098681,0.23466117216117216,0.820616339074348
401856600,1776,0.87620706031344,0.23335621139327384,0.821425424460083
401856600,1777,0.8762594458438288,0.23185759926973984,0.8222009232870444
401856600,1778,0.8761949537690017,0.23076923076923078,0.8227128614998854
401856600,1779,0.8759556873147137,0.22910990009082652,0.8234228936119437
401856600,1780,0.8759701955914312,0.22798279375141497,0.8239937009200081
401856600,1781,0.875579598145286,0.22679945676776822,0.8243900706887588
401856600,1782,0.874711405263968,0.22531702898550723,0.8246971881392304
401856600,1783,0.8741387230133211,0.22418478260869565,0.8249769702023126
401856600,1784,0.8742944317315027,0.2235827664399093,0.8253558326457967
401856600,1785,0.8749430177784531,0.22328114363512594,0.8258309370716636
401856600,1786,0.8760793819118315,0.22358554873892297,0.8262469165864543
401856600,1787,0.8773071104387292,0.22356426618049224,0.8268714221291185
401856600,1788,0.8787420622921076,0.22308394160583941,0.8278290603431341
401856600,1789,0.8803444629098051,0.2230593607305936,0.8286425510896057
401856600,1790,0.8816944024205748,0.2227054245822843,0.8294944889191453
401856600,1791,0.8827722171671216,0.2221204488207007,0.8303258841732104
401856600,1792,0.8833105127034839,0.2207196882878753,0.8312954122078043
401856600,1793,0.8837351235886481,0.21954576737783896,0.8320946781054046
401856600,1794,0.8841799265605875,0.21801925722145804,0.8330803346695648
401856600,1795,0.8843912910150261,0.21700274977085243,0.8336942706220869
401856600,1796,0.8845148393049361,0.21557846506300116,0.8344681871209675
401856600,1797,0.8846924618467704,0.21520146520146521,0.8347454983226525
401856600,1798,0.8851320055581288,0.21520146520146521,0.8349652701783318
401856600,1799,0.8861209964412812,0.21533180778032038,0.8353945943304804
401856600,1800,0.8869444014248102,0.21551132463967054,0.8357165383925699
401856600,1801,0.8874941887494189,0.21600550332492546,0.8357443427122466
401856600,1802,0.888268156424581,0.21634062140391255,0.8359637675103342
401856600,1803,0.889165241722369,0.2163161543794777,0.8364245436714457
401856600,1804,0.8898397386027695,0.21544526901669758,0.837197234793036
401856600,1805,0.8897711349836525,0.21438547486033518,0.8376928300616586
401856600,1806,0.8890962824700576,0.21338324754328497,0.8378565174633863
401856600,1807,0.8891656288916563,0.21193609022556392,0.8386147693330461
401856600,1808,0.9294291824313209,0.15481745813889652,0.8873058621462122
401856600,1809,0.9295473251028806,0.15494114426498767,0.8873030904189465
401856600,1810,0.9294639921078592,0.15510649918077554,0.8871787464635419
401856600,1811,0.9296284117066754,0.1558406113537118,0.8868939001764817
401856600,1812,0.9302057613168724,0.1560962274466922,0.8870547669350901
401856600,1813,0.9303285454845633,0.15654077723043242,0.8868938841270655
401856600,1814,0.9304405432262338,0.15580503833515882,0.8873177524455376
401856600,1815,0.9302904564315353,0.1543108182317408,0.8879898190998973
401856600,1816,0.9301048427358961,0.15280837004405287,0.8886482363459216
401856600,1817,0.9297776291590035,0.15201768933112217,0.8888799699139407
401856600,1818,0.9293031066330815,0.1507495835646863,0.8892767615341977
401856600,1819,0.9290409573571549,0.14955357142857142,0.8897436929642917
401856600,1820,0.9287643484132343,0.14790906539433063,0.8904276415094519
401856600,1821,0.9286559594251902,0.14745762711864407,0.8905991661532731
401856600,1822,0.9286682480515079,0.14787535410764874,0.8903964469719297
401856600,1823,0.9286563614744352,0.14845302299176838,0.8901016692413334
401856600,1824,0.9284378718340982,0.1481691739994323,0.890134348917333
401856600,1825,0.9282556953417205,0.1476338906205724,0.890310902360574
401856600,1826,0.927891156462585,0.14734162895927602,0.8902747637516545
401856600,1827,0.9278420694349898,0.14789726220716906,0.8899724036139104
401856600,1828,0.9276964954066009,0.14768883878241262,0.8900038283120941
401856600,1829,0.9276226158038147,0.1476472245703015,0.8899876956167565
401856600,1830,0.9272943980929678,0.1471167369901547,0.8900888305514065
401856600,1831,0.9274028629856851,0.14634831460674158,0.8905272741894718
401856600,1832,0.9272200443156638,0.14645757490898909,0.8903812347033373
401856600,1833,0.9271952259164535,0.1460548405148293,0.8905701927008121
401856600,1834,0.9269873763220744,0.1452513966480447,0.8908679898370149
401856600,1835,0.926829268292683,0.14460852605182503,0.8911103711204289
401856600,1836,0.9268042996075755,0.14392886913031397,0.8914377152386308
401856600,1837,0.9270957828239713,0.14321398834304747,0.8919408972404619
401856600,1838,0.9274248633879781,0.14254021075984472,0.8924423263140667
401856600,1839,0.9277417150666211,0.14186563020544143,0.8929380424305898
401856600,1840,0.928034188034188,0.14143094841930118,0.8933016198074435
401856600,1841,0.928485885372113,0.14107192446542627,0.8937069804533433
401856600,1842,0.9286694101508917,0.14059460961378162,0.894037400268555
401856600,1843,0.9291108822519739,0.13984461709211987,0.894633132579927
401856600,1844,0.9297854077253219,0.13980582524271845,0.8949897912413017
401856600,1845,0.9304721030042918,0.13984461709211987,0.895313742956086
401856600,1846,0.9313658201784488,0.13987764182424917,0.8957440891770998
401856600,1847,0.9319389679410252,0.14035087719298245,0.8957940453740214
401856600,1848,0.9319622964867181,0.1403118040089087,0.8958252462389047
401856600,1849,0.9320205479452055,0.1407902058987201,0.8956151710232427
401856600,1850,0.9314412720123098,0.14130434782608695,0.8950684620931114
401856600,1851,0.9304154556334416,0.1406642478370081,0.8948756038982167
401856600,1852,0.9286569717707442,0.1401006711409396,0.8942781503149023
401856600,1853,0.9271636675235647,0.13965855023789533,0.8937525586428348
401856600,1854,0.9262055946456152,0.13821138211382114,0.8939971062658971
401856600,1855,0.9256779951939581,0.13715570545250141,0.8942611448707283
401856600,1856,0.9254423638550078,0.13572234762979685,0.8948600081126055
401856600,1857,0.9253834223677408,0.13453928773318258,0.8954220673172791
401856600,1858,0.9258939367766453,0.1340497737556561,0.8959220815104947
401856600,1859,0.9271374177916234,0.13370944992947814,0.8967139839310726
401856600,1860,0.9284352798475134,0.13288288288288289,0.8977761984823153
401856600,1861,0.9294260447372984,0.13262152289969092,0.8984022609188037
401856600,1862,0.9303698558777566,0.13187429854096522,0.8992477786683957
401856600,1863,0.931118455383545,0.13131313131313133,0.8999026620352069
401856600,1864,0.9321266968325792,0.1315345699831366,0.9002960634247212
401856600,1865,0.932822833275322,0.1319268635724332,0.9004479848514444
401856600,1866,0.9329852045256745,0.13233634311512416,0.9003244307052751
401856600,1867,0.9326605185314077,0.13329567918667043,0.8996824196723687
401856600,1868,0.9322535701846046,0.13455571227080396,0.8988489289569004
401856600,1869,0.9319171164896396,0.1365427927927928,0.8976871618484235
401856600,1870,0.9316045945005221,0.13877207737594618,0.8964162585622879
401856600,1871,0.931118455383545,0.13978794642857142,0.8956652544774868
401856600,1872,0.9303984687663128,0.14035575319622012,0.8950213577850463
401856600,1873,0.9300382875043508,0.14095818332871782,0.8945400520878165
401856600,1874,0.9297909407665506,0.14096551724137932,0.8944127117625856
401856600,1875,0.8839689722042663,0.2170380687093779,0.8334654517474442
401856600,1876,0.8840368753032508,0.21781489213639527,0.8331109915834278
401856600,1877,0.8842667529944966,0.21825764596848934,0.8330045535130037
401856600,1878,0.8842787682333874,0.2182952182952183,0.8329917749690845
401856600,1879,0.8844033722438391,0.21884358442755125,0.8327798939081439
401856600,1880,0.8845467812550672,0.21938892717665978,0.8325789270392037
401856600,1881,0.8844343450738517,0.21993127147766323,0.8322515367980943
401856600,1882,0.8843216896831844,0.22059831011646494,0.8318616897833597
401856600,1883,0.8845152895250488,0.22191905411550705,0.8312981177047709
401856600,1884,0.8844777090790759,0.22229775662814413,0.8310899762254659
401856600,1885,0.8845716143716469,0.22277563957437174,0.8308979873986375
401856600,1886,0.8849154746423927,0.22244851776420005,0.8312334784390963
401856600,1887,0.8858210167289264,0.22181982797645994,0.8320005943762332
401856600,1888,0.8870863075924724,0.2211146352514726,0.8329858361704999
401856600,1889,0.8882952889752307,0.2199772985244041,0.8341589952254134
401856600,1890,0.8891223533214805,0.21807420896881402,0.8355240721763333
401856600,1891,0.8901453957996769,0.216506630086877,0.8368193828563999
401856600,1892,0.8917300534067001,0.2153987167736022,0.8381656683165489
401856600,1893,0.8931755551953315,0.21382636655948553,0.839674594317923
401856600,1894,0.8940107125466645,0.2123649735692944,0.840822869488685
401856600,1895,0.894173023859763,0.21088904203997244,0.8416419909098953
401856600,1896,0.8939590776226047,0.20959595959595959,0.8421815590133226
401856600,1897,0.893454604515186,0.20756880733944955,0.8429428985878682
401856600,1898,0.8930602957906713,0.2056672760511883,0.8436965098697415
401856600,1899,0.892312682452157,0.20364880273660205,0.8443319398577775
401856600,1900,0.8910650696018129,0.20309301796679555,0.8439860258175087
401856600,1901,0.8902892228146712,0.20277335758126847,0.8437579326167013
401856600,1902,0.8899645046789287,0.2022805017103763,0.8438420014842762
401856600,1903,0.8897295556986478,0.20196706312900276,0.8438812462848225
401856600,1904,0.8892639022822244,0.20275545350172217,0.8432542243902511
401856600,1905,0.8884430176565008,0.2029988465974625,0.8427220855295192
401856600,1906,0.8875160462130937,0.20320111343075853,0.8421574663911675
401856600,1907,0.887016530251966,0.20289179104477612,0.8420623696035949
401856600,1908,0.886601254624417,0.20219728845254792,0.8422019830859345
401856600,1909,0.8860086942521334,0.20172978027115473,0.8421394569904893
401856600,1910,0.8851427649620907,0.20079383609619425,0.8421744644329482
401856600,1911,0.884994346632208,0.20037278657968313,0.8423107800262624
401856600,1912,0.8853359173126615,0.20046457607433218,0.8424356706191647
401856600,1913,0.8858388503148716,0.20018514232816478,0.8428268539933534
401856600,1914,0.8117274167987322,0.2873141533114501,0.7622066317436411
401856600,1915,0.8114884163757538,0.28491404288197797,0.7632871867468879
401856600,1916,0.8107420943905927,0.28220502901353967,0.7642685326885266
401856600,1917,0.8102213023403917,0.28051142967841924,0.7648549363309862
401856600,1918,0.8093112244897959,0.27848837209302324,0.7654114261983863
401856600,1919,0.808337326305702,0.277508247622744,0.7654145393414791
401856600,1920,0.8072,0.2765916149068323,0.7653041925465838
401856600,1921,0.8068291118948381,0.276029526029526,0.765399792932656
401856600,1922,0.8065137173110861,0.275359502526234,0.765577107392426
401856600,1923,0.8075132445015252,0.27516517683637776,0.7661740338325738
401856600,1924,0.8083159415636538,0.2748640248640249,0.7667259583498145
401856600,1925,0.8095773742567893,0.27500485531171104,0.7672862594725391
401856600,1926,0.8112449799196787,0.2745288517583058,0.7683580640806864
401856600,1927,0.8134723336006415,0.27405247813411077,0.7697099277332654
401856600,1928,0.8158358711331944,0.2734511555641872,0.7711923577845037
401856600,1929,0.8182692307692307,0.2737864077669903,0.7722414115011202
401856600,1930,0.8205580500320718,0.2743156668608037,0.773121191585634
401856600,1931,0.8230670516522297,0.2745250096936797,0.7742710209792749
401856600,1932,0.8256056473608214,0.2741716721565588,0.7757169876021313
401856600,1933,0.8283785955327013,0.274187306501548,0.7770956445155767
401856600,1934,0.8308634020618557,0.27422162057629085,0.7783208907427824
401856600,1935,0.8323121573685908,0.2739567233384853,0.7791777170150527
401856600,1936,0.8333333333333334,0.2727799227799228,0.7802767052767052
401856600,1937,0.8336291754074552,0.271094805947094,0.7812671847301806
401856600,1938,0.8337368845843423,0.26908950318963853,0.7823236906973519
401856600,1939,0.8340872374798062,0.2677119628339141,0.783187637322946
401856600,1940,0.8339799547365018,0.26657619232260565,0.7837018812069481
401856600,1941,0.8343310143989646,0.2654092941862726,0.784460860106346
401856600,1942,0.8348178137651822,0.2651308082780164,0.7848435027435829
401856600,1943,0.8351701782820097,0.26489028213166144,0.7851399480751742
401856600,1944,0.8354676608850705,0.2641509433962264,0.7856583587444221
401856600,1945,0.8359565146844069,0.2632512315270936,0.7863526415786566
401856600,1946,0.8354430379746836,0.26213975523095145,0.786651641371866
401856600,1947,0.8349829628427714,0.2612220684200119,0.7868804472113797
401856600,1948,0.8344950559247852,0.26072346313500694,0.7868857963948892
401856600,1949,0.8343051506316812,0.25957362810896173,0.7873657612613597
401856600,1950,0.8341968911917098,0.2591061232526088,0.7875453839695505
401856600,1951,0.8344392296488105,0.25942655145326,0.7875063390977752
401856600,1952,0.8343568196509373,0.2598980791846335,0.7872293702331519
401856600,1953,0.8347587542359206,0.2608610567514677,0.7869488487422265
401856600,1954,0.8351577591757888,0.2610394685423994,0.7870591453166947
401856600,1955,0.8349405335904854,0.26059777300253956,0.7871713802939729
401856600,1956,0.8347770291947385,0.2607421875,0.7870174208473693
401856600,1957,0.8343214228489024,0.2606996286886848,0.7868108970801089
401856600,1958,0.8335467349551856,0.2595345198513593,0.7870061075519132
401856600,1959,0.8330134357005758,0.25862745098039214,0.7871929923600919
401856600,1960,0.83264,0.2577218178241196,0.7874590910879402
401856600,1961,0.9029310344827586,0.17864476386036962,0.8621431353111945
401856600,1962,0.901882881326654,0.17982155113246398,0.8610306650970949
401856600,1963,0.9009849663037843,0.1807118254879449,0.8601365704079197
401856600,1964,0.9001209607741489,0.18091726204194514,0.859601849366102
401856600,1965,0.8994645016410434,0.18141899699560896,0.8590227523227172
401856600,1966,0.8993079584775087,0.18204950266018968,0.8586292279086595
401856600,1967,0.8991174943761897,0.18202871699861048,0.8585443886887896
401856600,1968,0.8988064348728594,0.18158627087198514,0.8586100820004372
401856600,1969,0.8986159169550173,0.18158627087198514,0.858514823041516
401856600,1970,0.8984929845834055,0.18150208623087621,0.8584954491762646
401856600,1971,0.8985959438377535,0.18154416879202412,0.8585258875228647
401856600,1972,0.898975872244402,0.18190255220417634,0.8585366600201128
401856600,1973,0.8993743482794577,0.1820078831439833,0.8586832325677372
401856600,1974,0.9,0.18196569309225777,0.8590171534538711
401856600,1975,0.9005244755244756,0.1813543599257885,0.8595850577993436
401856600,1976,0.9012627148368993,0.18074245939675174,0.8602601277200739
401856600,1977,0.9018642279282448,0.18019480519480519,0.8608347113667199
401856600,1978,0.9021509167842031,0.18011560693641618,0.8610176549238935
401856600,1979,0.9020855425945564,0.17911479944674966,0.8614853715739034
401856600,1980,0.9019815994338287,0.17805383022774326,0.8619638846030427
401856600,1981,0.9022662889518414,0.1780128794848206,0.8621267047335104
401856600,1982,0.9024951336046717,0.17901518637827887,0.8617399736131964
401856600,1983,0.9023830538393646,0.17977011494252873,0.8613064694484179
401856600,1984,0.9020609476836358,0.18048220436280138,0.8607893716604171
401856600,1985,0.9016537649542575,0.1808143547273982,0.8604197051134297
401856600,1986,0.9014752370916754,0.18045632634247522,0.8605094553746001
401856600,1987,0.9012649332396345,0.17993079584775087,0.8606670686959419
401856600,1988,0.9006320224719101,0.17861258354459553,0.8610097194636572
401856600,1989,0.9000876424189308,0.1768222579903426,0.8616326922142941
401856600,1990,0.8996491228070176,0.17528141511601195,0.8621838538455029
401856600,1991,0.8993159094895632,0.1739729171448244,0.8626714961723694
401856600,1992,0.8993335671694143,0.1722794959908362,0.863527035589289
401856600,1993,0.8992098331870061,0.1717356505831237,0.8637370913019412
401856600,1994,0.8991744247321272,0.17093821510297483,0.8641181048145762
401856600,1995,0.8991907107670655,0.1702176403207331,0.8644865352231661
401856600,1996,0.8989080662205001,0.16968585186883742,0.8646111071758313
401856600,1997,0.898943661971831,0.16899793625315296,0.8649728628593389
401856600,1998,0.8989080662205001,0.16789159393661002,0.865508236141945
401856600,1999,0.8989099859353024,0.16735632183908045,0.865776832048111
401856600,2000,0.8987031195233088,0.16624453142988718,0.8662292940467109
401856600,2001,0.8987762237762238,0.16547756041426928,0.8666493316809772
401856600,2002,0.8986415882967607,0.16482758620689655,0.866907001044932
401856600,2003,0.8988881167477415,0.1639871382636656,0.8674504892420379
401856600,2004,0.8987868284228769,0.1631059039742706,0.8678404622243032
401856600,2005,0.898961937716263,0.1616532721010333,0.8686543328076148
401856600,2006,0.8992743607463718,0.15977011494252874,0.8697521229019215
401856600,2007,0.8997233748271093,0.1579310344827586,0.8708961701721754
401856600,2008,0.900207540643376,0.156163753449862,0.872021893596757
401856600,2009,0.9008307372793354,0.15492633517495397,0.8729522010521907
401856600,2010,0.9207836456558773,0.12089023773394031,0.8999467039609685
401856600,2011,0.9213081246806336,0.11890936632163596,0.9011993791794988
401856600,2012,0.9217524718718036,0.11801711122294917,0.9018676803244272
401856600,2013,0.9217762596071734,0.11752887995981919,0.9021236898236771
401856600,2014,0.9216558330482381,0.11788312014045649,0.9018863564538908
401856600,2015,0.921377183967112,0.11794228356336262,0.9017174502018748
401856600,2016,0.920863309352518,0.11791269443050677,0.9014753074610056
401856600,2017,0.9202538158120391,0.1178391959798995,0.9012073099160698
401856600,2018,0.9192109777015437,0.11797327955633981,0.9006188490726019
401856600,2019,0.9181115879828327,0.1179746835443038,0.9000684522192643
401856600,2020,0.9170388182755067,0.11761710794297352,0.8997108551662666
401856600,2021,0.9161091096242924,0.1169695418479652,0.8995697838881636
401856600,2022,0.915509854327335,0.11658962506420134,0.8994601146315668
401856600,2023,0.9151670951156813,0.11606912561258705,0.8995489847515471
401856600,2024,0.9150830337271015,0.11608066184074457,0.8995011859431785
401856600,2025,0.9152252097961979,0.11589318122893441,0.8996660142836317
401856600,2026,0.9157101250642453,0.11549441993252012,0.9001078525658626
401856600,2027,0.9159231297185999,0.11572392319667878,0.9000996032609605
401856600,2028,0.9160791057609631,0.11542443064182195,0.9003273375595706
401856600,2029,0.9368363236909557,0.10541229810144517,0.9157120127947553
401856600,2030,0.9361233480176211,0.10439716312056738,0.9158630924485269
401856600,2031,0.9352941176470588,0.10295790671217292,0.916168105467443
401856600,2032,0.9348186337691033,0.10128388017118402,0.9167673767989597
401856600,2033,0.9344655713494554,0.09951247490679667,0.9174765482213294
401856600,2034,0.9339744775291289,0.09740634005763689,0.918284068735746
401856600,2035,0.9341861327400816,0.09490740740740741,0.9196393626663371
401856600,2036,0.9342129715666233,0.0922809053975624,0.9209660330845304
401856600,2037,0.9344628560789424,0.09040697674418605,0.9220279396673782
401856600,2038,0.934839432412248,0.08924418604651163,0.9227976231828682
401856600,2039,0.93542953396968,0.08855981416957026,0.9234348599000548
401856600,2040,0.9361981610058172,0.08772437753329473,0.9242368917362612
401856600,2041,0.9369826937547028,0.08701936976004626,0.9249816619973282
401856600,2042,0.9370167829530455,0.08670520231213873,0.9251557903204534
401856600,2043,0.9371342269208986,0.08694396302715193,0.9250951319468734
401856600,2044,0.9373111782477341,0.08689376443418013,0.9252087069067769
401856600,2045,0.9373348433371084,0.08723281340265743,0.9250510149672255
401856600,2046,0.9372171945701357,0.08735898177610645,0.9249291063970146
401856600,2047,0.9371826217791988,0.08811594202898551,0.9245333398751066
401856600,2048,0.9373358348968105,0.08890180127832656,0.924217016809242
401856600,2049,0.93773373223635,0.08956091887176505,0.9240864066822925
401856600,2050,0.9379078873764684,0.08966521106259097,0.9241213381569386
401856600,2051,0.93801191362621,0.09030002912904166,0.9238559422485841
401856600,2052,0.9382074596400074,0.08979591836734693,0.9242057706363302
401856600,2053,0.9385785860085359,0.08892128279883382,0.9248286516048511
401856600,2054,0.9389157073895285,0.0877039627039627,0.9256058723427829
401856600,2055,0.9392419175027871,0.08657757117954677,0.9263321731616201
401856600,2056,0.9396471680594243,0.08574739281575898,0.9269498876218327
401856600,2057,0.9403456606578703,0.08526011560693642,0.927542772525467
401856600,2058,0.9410342261904762,0.08400692840646651,0.9285136488920048
401856600,2059,0.9418669647847959,0.08314087759815242,0.9293630435933218
401856600,2060,0.9422503725782414,0.08280438545874207,0.9297229935597497
401856600,2061,0.9426870115370302,0.08268510515701527,0.9300009531900075
401856600,2062,0.9432282003710575,0.08184438040345822,0.9306919099837996
401856600,2063,0.9436410826844642,0.08076146524372657,0.9314398087203688
401856600,2064,0.9440118650352243,0.07963069821119446,0.9321905834120149
401856600,2065,0.944578313253012,0.07876514714368148,0.9329065830546652
401856600,2066,0.9449796220822527,0.07822835777969514,0.9333756321512787
401856600,2067,0.9456461453133667,0.07754164273406089,0.9340522512896529
401856600,2068,0.9461055740125508,0.07637094458799885,0.9348673147122759
401856600,2069,0.9466888028039108,0.07542299971322053,0.9356329015453451
401856600,2070,0.9473393481863377,0.07445589919816724,0.9364417244940852
401856600,2071,0.9478994679875252,0.07318467695826186,0.9373573955146317
401856600,2072,0.948338809784593,0.07224443175328384,0.9380471890156545
401856600,2073,0.9492450427505912,0.0713877784123358,0.9389286321691277
401856600,2074,0.9501269495828799,0.0709806157354618,0.9395731669237091
401856600,2075,0.950822636051347,0.0708997722095672,0.9399614319208899
401856600,2076,0.9509644853073733,0.07118451025056947,0.9398899875284019
401856600,2077,0.9713438735177866,0.058844381425026585,0.95624974604638
401856600,2078,0.9713721618953604,0.05815602836879433,0.956608066763283
401856600,2079,0.9349877665152044,0.1042296072507553,0.9153790796322245
401856600,2080,0.9347863993025284,0.10370931112793338,0.9155385440872975
401856600,2081,0.9348885793871866,0.10306406685236769,0.9159122562674095
401856600,2082,0.9347939488784559,0.10304568527918782,0.9158741317996341
401856600,2083,0.9346768589298123,0.10281797410510282,0.9159294424123547
401856600,2084,0.9348353552859618,0.10299340436326737,0.9159209754613472
401856600,2085,0.9347412151635797,0.10332571718710333,0.9157077489882381
401856600,2086,0.9348089227044787,0.10388620777241554,0.9154613574660315
401856600,2087,0.9351771823681936,0.1050228310502283,0.9150771756589826
401856600,2088,0.9351547639633409,0.10612968591691996,0.9145125390232105
401856600,2089,0.935489450017295,0.10664644933030074,0.9144215003434971
401856600,2090,0.935930735930736,0.10713385429795816,0.9143984408163889
401856600,2091,0.9363289382373352,0.1070259380508688,0.9146515000932331
401856600,2092,0.9368384521950373,0.10637230306071249,0.9152330745671624
401856600,2093,0.9370981754995656,0.10539460539460539,0.9158517850524801
401856600,2094,0.9371627502175806,0.1044776119402985,0.9163425691386411
401856600,2095,0.937227550130776,0.10367063492063493,0.9167784576050706
401856600,2096,0.9372487327390316,0.10294481563969314,0.9171519585496692
401856600,2097,0.939020091646105,0.09873165879134543,0.9201442164273799
401856600,2098,0.940539581114661,0.09517861603797152,0.9226804825383448
401856600,2099,0.9420704451993563,0.0916855061542326,0.925192469522562
401856600,2100,0.9435454872348076,0.08877679697351828,0.9273843451306447
401856600,2101,0.9449060693641619,0.08532249873031995,0.929791785316921
401856600,2102,0.9461663947797716,0.08175779253960143,0.9322043011200851
401856600,2103,0.947339749409842,0.07840616966580977,0.934466789872016
401856600,2104,0.9464350343829171,0.07879876796714579,0.9338181332078856
401856600,2105,0.9455266955266955,0.07875833760903027,0.9333841789588326
401856600,2106,0.9444244604316546,0.07906857727737973,0.9326779415771375
401856600,2107,0.9431083991385499,0.07953964194373402,0.931784378597408
401856600,2108,0.9416189111747851,0.07988769780500256,0.9308656066848913
401856600,2109,0.9400715563506261,0.07994891443167305,0.9300613209594766
401856600,2110,0.9392857142857143,0.07998977766419627,0.929647968310759
401856600,2111,0.9387791421961204,0.08001022494887526,0.9293844586236226
401856600,2112,0.9381882770870338,0.08018386108273749,0.9290022080021482
401856600,2113,0.9383877840909091,0.0802358369648808,0.9290759735630141
401856600,2114,0.9395390070921986,0.07959814528593509,0.9299704309031318
401856600,2115,0.9411660464292043,0.07927461139896373,0.9309457175151203
401856600,2116,0.9429785726934655,0.0794392523364486,0.9317696601785085
401856600,2117,0.9444937045575457,0.07926195426195426,0.9326158751477958
401856600,2118,0.9456386569550542,0.07938573659552317,0.9331264601797655
401856600,2119,0.9469750889679716,0.07881002087682672,0.9340825340455724
401856600,2120,0.981590285938112,0.04821252869793375,0.9666888786200891
401856600,2121,0.9825250343608875,0.048355263157894735,0.9670848856014964
401856600,2122,0.9830974842767296,0.04816892114813593,0.9674642815642969
401856600,2123,0.982738328756375,0.04765056254136334,0.9675438831075058
401856600,2124,0.9825899843505478,0.04746100232326585,0.967564491013641
401856600,2125,0.982421875,0.04695304695304695,0.9677344140234765
401856600,2126,0.9816585365853658,0.047,0.9673292682926828
401856600,2127,0.9807055154940557,0.04648829431438127,0.9671086105898372
401856600,2128,0.9797744068455854,0.04546974256101638,0.9671523321422845
401856600,2129,0.9790454016298021,0.04457104557640751,0.9672371780266973
401856600,2130,0.9781262098335269,0.04397448808324941,0.9670758608751387
401856600,2131,0.9770048309178744,0.04274654998317065,0.9671291404673519
401856600,2132,0.9760756318734324,0.04214430209035738,0.9669656648915375
401856600,2133,0.976103295432646,0.04183535762483131,0.9671339689039073
401856600,2134,0.9760940813572393,0.04210171775008421,0.9669961818035775
401856600,2135,0.9758733835166956,0.04251012145748988,0.9666816310296029
401856600,2136,0.9758220502901354,0.04256756756756757,0.966627241361284
401856600,2137,0.9757611014155517,0.04259634888438134,0.9665823762655852
401856600,2138,0.9760327357755261,0.04230118443316413,0.9668657756711809
401856600,2139,0.9763070295672607,0.04193439296584376,0.9671863183007084
401856600,2140,0.9760172989974445,0.04028436018957346,0.9678664694039355
401856600,2141,0.9759558533701221,0.03864406779661017,0.9686558927867559
401856600,2142,0.9757109004739336,0.03761436801084378,0.9690482662315449
401856600,2143,0.9754746835443038,0.036899119837508466,0.9692877818533976
401856600,2144,0.9756483864581271,0.03659776347001017,0.9695253114940585
401856600,2145,0.9756628413138109,0.03661016949152542,0.9695263359111428
401856600,2146,0.9754989132582493,0.03638218293097586,0.9695583651636368
401856600,2147,0.9641706161137441,0.05659815311289842,0.9537862315004229
401856600,2148,0.964638783269962,0.056896038129282095,0.9538713725703399
401856600,2149,0.9649055884035858,0.056896038129282095,0.9540047751371519
401856600,2150,0.9653522205206738,0.05749180816204945,0.9539302061793122
401856600,2151,0.9658086822896658,0.05744047619047619,0.9541841030495948
401856600,2152,0.9664804469273743,0.05760095011876484,0.9544397484043048
401856600,2153,0.9669629057187017,0.05870145271271865,0.9541307265029915
401856600,2154,0.9670606471614028,0.0600947306098283,0.9534829582757873
401856600,2155,0.9669710510977269,0.06100088836245188,0.9529850813676375
401856600,2156,0.9669453626288159,0.061611374407582936,0.9526669941106165
401856600,2157,0.9663751214771623,0.06199940670424207,0.9521878573864602
401856600,2158,0.9660589604344453,0.06240713224368499,0.9518259140953802
401856600,2159,0.9657772621809745,0.06341172968145281,0.9511827662497608
401856600,2160,0.9663007895243597,0.06315162347333929,0.9515745830255102
401856600,2161,0.9669992325402916,0.06169895678092399,0.9526501378796839
401856600,2162,0.9674578866768759,0.06069622136268968,0.9533808326570932
401856600,2163,0.9680566182096404,0.06032689450222883,0.9538648618537058
401856600,2164,0.9682600382409178,0.058771148708815675,0.954744444766051
401856600,2165,0.9684150076569679,0.05705794947994056,0.9556785290885137
401856600,2166,0.9683604985618408,0.05451295799821269,0.9569237702818141
401856600,2167,0.9681014604150653,0.052270011947431305,0.957915724233817
401856600,2168,0.9674687199230029,0.050974512743628186,0.9582471035896873
401856600,2169,0.96687849027537065,0.04972875226039783,0.9585748690074865
401856600,2170,0.9662748121025245,0.04807983066223163,0.9590974907201464
401856600,2171,0.9662487945998072,0.047026699029126214,0.9596110477853405
401856600,2172,0.9478533259627787,0.06126427179058758,0.9432945270860955
401856600,2173,0.9487179487179487,0.0606993006993007,0.9440093240093239
401856600,2174,0.9490586932447398,0.060146149522203485,0.9444562718612681
401856600,2175,0.9494091580502215,0.05975197294250282,0.9448285925538593
401856600,2176,0.9494184973232417,0.05957086391869001,0.9449238167022758
401856600,2177,0.9494184973232417,0.05995475113122172,0.9447318730960099
401856600,2178,0.9492245199409158,0.060039648824695556,0.9445924355581101
401856600,2179,0.9493717664449371,0.06028870648174356,0.9445415299815968
401856600,2180,0.9489024165283159,0.05970571590265988,0.944598350312828
401856600,2181,0.9488835578520022,0.05983629692351115,0.9445236304642455
401856600,2182,0.9487701128167191,0.05947012401352875,0.9446499944015951
401856600,2183,0.9488604780433574,0.05859154929577465,0.9451344643737913
401856600,2184,0.9487845611430692,0.0571509009009009,0.9458168301210841
401856600,2185,0.9490516920788398,0.05574324324324324,0.9466542244177982
401856600,2186,0.9491051454138703,0.0538787023977433,0.9476132215080635
401856600,2187,0.9493173742285393,0.05245346869712352,0.9484319527657079
401856600,2188,0.9497656982193065,0.05097155730780062,0.9493970704557528
401856600,2189,0.9502253944402704,0.05001404889013768,0.9501056727750663
401856600,2190,0.9508104033169996,0.049635445877734156,0.9505874787196327
401856600,2191,0.9515793455645924,0.049019607843137254,0.9512798688607276
401856600,2192,0.9523809523809523,0.04860335195530726,0.9518888002128225
401856600,2193,0.9532052501426669,0.04848147116188353,0.9523618894903917
401856600,2194,0.9536789935188715,0.04869226488592098,0.9524933643164752
401856600,2195,0.9535816618911175,0.048943270300333706,0.9523191957953918
401856600,2196,0.9535195103289977,0.04920767306088407,0.9521559186340569
401856600,2197,0.9536930730960582,0.049193996664813784,0.9522495382156222
401856600,2198,0.9420397547835779,0.08364732479276564,0.9291962149954062
401856600,2199,0.9423005565862709,0.08462694041061593,0.9288368080878275
401856600,2200,0.942745969983324,0.08480917934647045,0.9289683953184268
401856600,2201,0.9429418303075213,0.08513816280806571,0.9289018337497278
401856600,2202,0.9434171597633136,0.0850534692862472,0.9291818452385332
401856600,2203,0.9440559440559441,0.08430738622233275,0.9298742789168057
401856600,2204,0.9444851593990473,0.08287705326032851,0.9308040530693594
401856600,2205,0.9443735181469998,0.08163265306122448,0.9313704325428876
401856600,2206,0.9440305288024714,0.0800596718050721,0.9319854284986997
401856600,2207,0.9439218523878437,0.07864609258337481,0.9326378799022343
401856600,2208,0.9444444444444444,0.07742096091610655,0.933511741764169
401856600,2209,0.944775311315647,0.07627329192546584,0.9342510096950906
401856600,2210,0.9459312839059675,0.07566360704539817,0.9351338384302846
401856600,2211,0.9470822761870242,0.07600891309730132,0.9355366815448615
401856600,2212,0.9483917862983827,0.07580246913580246,0.9362946585812901
401856600,2213,0.9501824817518248,0.07546239210850801,0.9373600448216584
401856600,2214,0.9511168070303918,0.0757314974182444,0.9376926548060738
401856600,2215,0.9517165412153479,0.07579102281089035,0.9379627592022288
401856600,2216,0.9522146664216137,0.07522666013232052,0.9384940031446466
401856600,2217,0.952161913523459,0.074853228962818,0.9386543422803205
401856600,2218,0.9518470869325492,0.07472527472527472,0.9385609061036373
401856600,2219,0.9513046674016905,0.07425500732779677,0.9385248300369469
401856600,2220,0.9510451045104511,0.07336757153338225,0.9388387664885345
401856600,2221,0.9513088046860699,0.07156862745098039,0.9398700886175448
401856600,2222,0.9518072289156626,0.06932153392330384,0.9412428474961794
401856600,2223,0.9524503552559664,0.06798029556650247,0.942235029844732
401856600,2224,0.9525022747952684,0.0673076923076923,0.9425972912437881
401856600,2225,0.9523289665211062,0.06646898937484556,0.9429299885731304
401856600,2226,0.9519143531119579,0.06610547165139886,0.9429044407302796
401856600,2227,0.9514140681653372,0.06613822145157296,0.9426379233568821
401856600,2228,0.9511400651465798,0.06706260826528088,0.9420387284406495
401856600,2229,0.9504431181045397,0.06869285890783296,0.9408751295983534
401856600,2230,0.9494036863028551,0.06992834198171485,0.9397376721605701
401856600,2231,0.9491433724075744,0.07035299925944212,0.9393951865740662
401856600,2232,0.9501260352898812,0.07035299925944212,0.9398865180152195
401856600,2233,0.9509998198522789,0.07051282051282051,0.9402434996697292
401856600,2234,0.9514563106796117,0.07090103397341212,0.9402776383530997
401856600,2235,0.9706606095021768,0.04384077461000538,0.9634099174460857
401856600,2236,0.9710336993563045,0.043548387096774194,0.9637426561297651
401856600,2237,0.9717481987106561,0.04406233207952714,0.9638429333155645
401856600,2238,0.9728498196316688,0.04439063761097659,0.9642295910103461
401856600,2239,0.97289613343442,0.045124899274778404,0.9638856170798209
401856600,2240,0.97289613343442,0.04489247311827957,0.9640018301580702
401856600,2241,0.9734294932624786,0.044928705945655095,0.9642503936584117
401856600,2242,0.9739692190765723,0.044731878199946104,0.9646186704383131
401856600,2243,0.9745247148288974,0.04465967177831585,0.9649325215252907
401856600,2244,0.9747580185993547,0.043080236941303175,0.9658388908290259
401856600,2245,0.9746212121212121,0.04093724750875303,0.9668419823062295
401856600,2246,0.9746500189178964,0.038834951456310676,0.9679075337307929
401856600,2247,0.975103734439834,0.037567567567567565,0.9687680834361332
401856600,2248,0.9755822689706988,0.03684638309401246,0.9693679429383432
401856600,2249,0.9754773493073755,0.035850081477457905,0.9698136339149588
401856600,2250,0.9780907668231612,0.0196513470681458,0.9792197098775077
401856600,2251,0.9782948768087603,0.01878382680674944,0.9797555250010055
401856600,2252,0.9786274509803922,0.018518518518518517,0.9800544662309368
401856600,2253,0.9789618560755013,0.01825168107588857,0.9803550874998064
401856600,2254,0.9792940248471702,0.018298555377207062,0.9804977347349816
401856600,2255,0.9794140934283452,0.01804123711340206,0.9806864281574715
401856600,2256,0.9797377830750894,0.01777634130575307,0.9809807208846681
401856600,2257,0.9800717417297728,0.017464424320827943,0.9813036587044724
401856600,2258,0.9802631578947368,0.017770597738287562,0.9812462800782247
401856600,2259,0.9803102625298329,0.017102291061632784,0.9816039857341001
401856600,2260,0.9803376365441907,0.016409266409266408,0.9819641850674621
401856600,2261,0.9803415409054805,0.01569004162664105,0.9823257496394198
401856600,2262,0.9805709754163362,0.015311004784688996,0.9826299853158236
401856600,2263,0.9809976247030879,0.014930114358322744,0.9830337551723827
401856600,2264,0.9814008705975465,0.014249525015832806,0.9835756727908569
401856600,2265,0.9817749603803486,0.013573232323232324,0.9841008640285581
401856600,2266,0.982135768161969,0.01353904282115869,0.9842983626704052
401856600,2267,0.9829432764775883,0.013522012578616353,0.9847106319494859
401856600,2268,0.9835513277843837,0.013203395158755108,0.9851739663128143
401856600,2269,0.9839508618981573,0.012252591894439209,0.985849135001859
401856600,2270,0.9841395717684377,0.011616954474097331,0.9862613086471701
401856600,2271,0.9843533372945138,0.011274663326025681,0.9865393369842441
401856600,2272,0.9847765915381573,0.010641627543035994,0.9870674819975607
401856600,2273,0.9851954204500593,0.010021922956467273,0.987586748746796
401856600,2274,0.9410636442894508,0.08057296329453895,0.930245340497456
401856600,2275,0.9412175126460841,0.07928331466965285,0.9309670989882156
401856600,2276,0.9407355760850619,0.07911250560286867,0.9308115352410966
401856600,2277,0.9404077365394669,0.07861635220125786,0.9308956921691045
401856600,2278,0.9399582318134354,0.07808280828082809,0.9309377117663037
401856600,2279,0.9392515230635335,0.07744259342638452,0.9309044648185745
401856600,2280,0.939066852367688,0.07771787960467205,0.930674486381508
401856600,2281,0.938793253347244,0.07844016136261767,0.9301765459923131
401856600,2282,0.939073077590696,0.07960644007155634,0.9297333187595698
401856600,2283,0.9396462018730489,0.08006244424620874,0.9297918788134201
401856600,2284,0.9402286902286903,0.0794392523364486,0.9303947189461208
401856600,2285,0.9404019404019404,0.07864918906909575,0.9308763756664222
401856600,2286,0.9405648934326807,0.0787139689578714,0.9309254622374046
401856600,2287,0.9405442884382041,0.07765697803416907,0.9314436552020176
401856600,2288,0.9405648934326807,0.07661558960692871,0.931974651912876
401856600,2289,0.9406867845993756,0.07504440497335702,0.9328211898130093
401856600,2290,0.9409517193469955,0.07361419068736141,0.933668764329817
401856600,2291,0.9845422116527943,0.011845386533665835,0.9863484125595643
401856600,2292,0.9847252529260068,0.011852776044915784,0.9864362384405455
401856600,2293,0.9847131228906095,0.011882426516572859,0.9864153481870184
401856600,2294,0.9849086576648134,0.012233375156838143,0.9863376412539877
401856600,2295,0.9848966613672496,0.012913385826771654,0.9859916377702389
401856600,2296,0.9848966613672496,0.013286934514394179,0.9858048634264277
401856600,2297,0.984920634920635,0.014580031695721078,0.9851703016124569
401856600,2298,0.9849475143592791,0.015580286168521463,0.9846836140953787
401856600,2299,0.9847856154910097,0.016278327481646985,0.9842536440046814
401856600,2300,0.9850009867771857,0.016661326497917333,0.9841698301396342
401856600,2301,0.9851661392405063,0.01700352903432788,0.9840813051030892
401856600,2302,0.9855158730158731,0.017014446227929372,0.9842507133939719
401856600,2303,0.9858650209038423,0.01667201025969862,0.9845965053220718
401856600,2304,0.9858028394321136,0.01571520205259782,0.9850438186897579
401856600,2305,0.9857429718875502,0.01472942683317323,0.9855067725271884
401856600,2306,0.9858500101071357,0.013729246487867178,0.9860603818096343
401856600,2307,0.9857636770388448,0.013057324840764332,0.9863531760990403
401856600,2308,0.985711369667279,0.012380952380952381,0.9866652086431633
401856600,2309,0.9856733524355301,0.011716276124129196,0.9869785381557005
401856600,2310,0.9854209445585216,0.01138159974707556,0.987019672405723
401856600,2311,0.9857790601813685,0.011363636363636364,0.987207711908866
401856600,2312,0.9863495346432265,0.011335012594458438,0.987507261024384
401856600,2313,0.9869457107335268,0.011013215859030838,0.9879662474372479
401856600,2314,0.9875285803367283,0.010658307210031349,0.9884351365633485
401856600,2315,0.988120050020842,0.010322177040975915,0.988898936489933
401856600,2316,0.9887123745819398,0.009981285090455396,0.9893655447457422
401856600,2317,0.9703420669577875,0.025809849881485384,0.972266108538151
401856600,2318,0.9704271631982475,0.02576912963449908,0.9723290167818742
401856600,2319,0.971120453299214,0.025694808599895123,0.9727128223496595
401856600,2320,0.9720087815587267,0.025889121338912136,0.9730598301099074
401856600,2321,0.9730473047304731,0.02586882675725111,0.973589238986611
401856600,2322,0.9743307664099743,0.025821596244131457,0.9742545850829214
401856600,2323,0.9748669968813062,0.025500910746812388,0.9746830430672468
401856600,2324,0.975600807191341,0.02546777546777547,0.9750665158617828
401856600,2325,0.97668441343859,0.025201351000259806,0.9757415312191651
401856600,2326,0.9771807140228193,0.025188262788886005,0.9759962256169666
401856600,2327,0.9776917404129793,0.02514256091238984,0.9762745897502947
401856600,2328,0.9780361757105943,0.025329542517446367,0.976353316596574
401856600,2329,0.9785185185185186,0.025561580170410533,0.976478469174054
401856600,2330,0.9794063079777365,0.026295436968290797,0.9765554355047228
401856600,2331,0.9799368381943154,0.026004119464469618,0.9769663593649229
401856600,2332,0.9806259314456036,0.025482625482625483,0.9775716529814891
401856600,2333,0.9919607843137255,0.01713964596796853,0.9874105691728785
401856600,2334,0.9925446340984893,0.01685866816521495,0.9878429829666371
401856600,2335,0.9935205183585313,0.016305875737981444,0.9886073213102748
401856600,2336,0.9946766561514195,0.015783540022547914,0.9894465580644358
401856600,2337,0.9956452889944576,0.015018418815528478,0.9903134350894646
401856600,2338,0.9966196062835554,0.014496873223422399,0.9910613665300665
401856600,2339,0.9973994798959792,0.013956137852463685,0.9917216710217578
401856600,2340,0.997989545637314,0.013394129381590196,0.9922977081278619
401856600,2341,0.9985832827362882,0.012853470437017995,0.9928649061496351
401856600,2342,0.9987794955248169,0.01259662181505869,0.9930914368548791
401856600,2343,0.9987742594484168,0.012027491408934709,0.9933733840197411
401856600,2344,0.9987689782519491,0.0117512181140728,0.9935088800689382
401856600,2345,0.9987631416202845,0.011500862564692352,0.993631139527796
401856600,2346,0.9997867803837953,0.006761107533805538,0.9965128364249949
401856600,2347,0.987425033855678,0.018032352161230444,0.9846963408472238
401856600,2348,0.9875968992248062,0.01700318809776833,0.9852968555635189
401856600,2349,0.9877741121676693,0.015462543321780858,0.9861557844229443
401856600,2350,0.9879705083430346,0.014163548904329236,0.9869034797193527
401856600,2351,0.9879728419010669,0.013094601817210049,0.9874391200419285
401856600,2352,0.9997830802603037,0.00327653997378768,0.998253270143258
401856600,2353,0.9997825141365811,0.002631578947368421,0.9985754675946064
401856600,2354,0.9997820876007845,0.0019828155981493722,0.9988996360013176
401856600,2355,0.9896342655974966,0.010430596416154053,0.9896018345906712
401856600,2356,0.9903827281648675,0.0096514745308311,0.9903656268170182
401856600,2357,0.9913197869402249,0.008861439312567132,0.9912291738138289
401856600,2358,0.9922603691208574,0.007530930607853685,0.9923647192565018
401856600,2359,0.9928086296444267,0.007269789983844911,0.992769419830291
401856600,2360,0.9933561505939199,0.006725854183481302,0.9933151482052194
401856600,2361,0.9937285049565041,0.00645682001614205,0.993635842470181
401856600,2362,0.9943135662063363,0.006179473401397098,0.9940670464024696
401856600,2363,0.9216429699842023,0.09673873213631366,0.9124521189239443
401856600,2364,0.9222152098453771,0.09530791788856305,0.9134536459784071
401856600,2365,0.9235145385587863,0.09398565385322788,0.9147644423527792
401856600,2366,0.9253636938646427,0.09141274238227147,0.9169754757411857
401856600,2367,0.9271030993042378,0.0879243183082916,0.9195893904979731
401856600,2368,0.9288537549407114,0.08441799925622909,0.9222178778422412
401856600,2369,0.9297690604239165,0.08205607476635514,0.9238564928287807
401856600,2370,0.9304058338617628,0.08009024252679076,0.925157795667486
401856600,2371,0.9327304458194511,0.0782608695652174,0.9272347881271168
401856600,2372,0.9349825562955915,0.0777988614800759,0.9285918474077578
401856600,2373,0.93689551292215,0.0770110560426992,0.9299422284397254
401856600,2374,0.938769035532995,0.07701149425287357,0.9308787706400607
401856600,2375,0.9407089492926403,0.07729282830224957,0.9317080604951953
401856600,2376,0.9424208684587243,0.07658264383298057,0.932919112312872
401856600,2377,0.9436328993331217,0.07466718116920702,0.9344828590819574
401856600,2378,0.9433243371963804,0.07292069632495164,0.9352018204357144
401856600,2379,0.94351630867144,0.07144240077444337,0.9360369539484983
401856600,2380,0.9448705656759347,0.0702263493905978,0.9373221081426685
401856600,2381,0.9459502806736166,0.06870524482291465,0.938622517925351
401856600,2382,0.9483091787439614,0.06755710414247,0.9403760373007457
401856600,2383,0.9507053672774445,0.06552927491275688,0.9425880461823438
401856600,2384,0.9536597347306369,0.06246351430239346,0.9455981102141218
401856600,2385,0.957003472796428,0.060191518467852256,0.9484059771642879
401856600,2386,0.9596935376415723,0.05668889760690467,0.9515023200173338
401856600,2387,0.9843186733958184,0.028452615451958853,0.9779330289719297
401856600,2388,0.9849597135183528,0.0252858399296394,0.9798369367943567
401856600,2389,0.9848538845331433,0.022355024347056218,0.9812494300930434
401856600,2390,0.9843805466808662,0.02025372802136657,0.9820634093297498
401856600,2391,0.9851116625310173,0.018551631649530623,0.9832800154407433
401856600,2392,0.9858757062146892,0.01677101967799642,0.9845523432683464
401856600,2393,0.9963454510482785,0.0012444001991040318,0.9975505254245873
401856600,2394,0.9969301611665388,9.80632507967639e-4,0.9979747643292856
401856600,2395,0.9975157653353717,7.265681763138775e-4,0.9983945985795288
401856600,2396,0.998288322556105,4.7824007651841227e-4,0.9989050412397933
401856600,2397,0.9988862075366624,4.6274872744099955e-4,0.9992117294046107
401856600,2398,0.999140154772141,2.672367717797969e-4,0.9994364590001806
401856600,2399,0.9992325402916347,3.167564143173899e-4,0.9994578919386586
401856600,2400,0.9993680884676145,3.904724716907458e-4,0.9994888079979618
